entity_id,entity_type,canonical_name,original_name,source_doc_id,method,confidence,evidence
chucdanh_thu_tuong_chinh_phu,ChucDanh,Thủ tướng Chính phủ,Thủ tướng Chính phủ,112025,gemini,1.0,THỦ TƯỚNG CHÍNH PHỦ
coquan_chinh_phu,CoQuan,Chính phủ,Chính phủ,112025,gemini,1.0,CHÍNH PHỦ
doituongapdung_chi_nhanh_nuoc_ngoai,DoiTuongApDung,Chi nhánh nước ngoài,Chi nhánh nước ngoài,112025,gemini,1.0,b) Chi nhánh nước ngoài;
doituongapdung_cac_to_chuc_ca_nhan_khac_co_lien_quan,DoiTuongApDung,"Các tổ chức, cá nhân khác có liên quan","Các tổ chức, cá nhân khác có liên quan",112025,gemini,1.0,"d) Các tổ chức, cá nhân khác có liên quan."
doituongapdung_doanh_nghiep_bao_hiem,DoiTuongApDung,Doanh nghiệp bảo hiểm,Doanh nghiệp bảo hiểm,112025,gemini,1.0,a) Doanh nghiệp bảo hiểm;
doituongapdung_doanh_nghiep_moi_gioi_bao_hiem,DoiTuongApDung,Doanh nghiệp môi giới bảo hiểm,Doanh nghiệp môi giới bảo hiểm,112025,gemini,1.0,"c) Doanh nghiệp môi giới bảo hiểm, đại lý bảo hiểm;"
doituongapdung_dai_ly_bao_hiem,DoiTuongApDung,Đại lý bảo hiểm,Đại lý bảo hiểm,112025,gemini,1.0,"c) Doanh nghiệp môi giới bảo hiểm, đại lý bảo hiểm;"
linhvuc_tai_chinh,LinhVuc,Tài chính,Tài chính,112025,gemini,0.8,Theo đề nghị của Bộ trưởng Bộ Tài chính;
nganh_tai_chinh,Nganh,Tài chính,Tài chính,112025,gemini,0.9,Theo đề nghị của Bộ trưởng Bộ Tài chính;
nguoiky_nguyen_xuan_phuc,NguoiKy,Nguyễn Xuân Phúc,Nguyễn Xuân Phúc,112025,gemini,1.0,Nguyễn Xuân Phúc
chucdanh_thu_truong,ChucDanh,Thứ trưởng,Thứ trưởng,112924,gemini,1.0,THỨ TRƯỞNG
coquan_bo_tai_chinh,CoQuan,Bộ Tài chính,Bộ Tài chính,112924,gemini,1.0,BỘ TÀI CHÍNH
doituongapdung_cong_ty_dau_tu_chung_khoan,DoiTuongApDung,công ty đầu tư chứng khoán,công ty đầu tư chứng khoán,112924,gemini,1.0,"Thông tư này áp dụng đối với tổ chức kinh doanh chứng khoán, quỹ đầu tư chứng khoán, công ty đầu tư chứng khoán, doanh nghiệp kinh doanh bảo hiểm và các cơ quan, tổ chức, cá nhân có liên quan đến hoạt động đầu tư gián tiếp ra nước ngoài."
doituongapdung_doanh_nghiep_kinh_doanh_bao_hiem,DoiTuongApDung,doanh nghiệp kinh doanh bảo hiểm,doanh nghiệp kinh doanh bảo hiểm,112924,gemini,1.0,"Thông tư này áp dụng đối với tổ chức kinh doanh chứng khoán, quỹ đầu tư chứng khoán, công ty đầu tư chứng khoán, doanh nghiệp kinh doanh bảo hiểm và các cơ quan, tổ chức, cá nhân có liên quan đến hoạt động đầu tư gián tiếp ra nước ngoài."
doituongapdung_quy_dau_tu_chung_khoan,DoiTuongApDung,quỹ đầu tư chứng khoán,quỹ đầu tư chứng khoán,112924,gemini,1.0,"Thông tư này áp dụng đối với tổ chức kinh doanh chứng khoán, quỹ đầu tư chứng khoán, công ty đầu tư chứng khoán, doanh nghiệp kinh doanh bảo hiểm và các cơ quan, tổ chức, cá nhân có liên quan đến hoạt động đầu tư gián tiếp ra nước ngoài."
doituongapdung_to_chuc_kinh_doanh_chung_khoan,DoiTuongApDung,tổ chức kinh doanh chứng khoán,tổ chức kinh doanh chứng khoán,112924,gemini,1.0,"Thông tư này áp dụng đối với tổ chức kinh doanh chứng khoán, quỹ đầu tư chứng khoán, công ty đầu tư chứng khoán, doanh nghiệp kinh doanh bảo hiểm và các cơ quan, tổ chức, cá nhân có liên quan đến hoạt động đầu tư gián tiếp ra nước ngoài."
nganh_tai_chinh,Nganh,Tài chính,Tài chính,112924,gemini,1.0,BỘ TÀI CHÍNH
nguoiky_tran_xuan_ha,NguoiKy,Trần Xuân Hà,Trần Xuân Hà,112924,gemini,1.0,Trần Xuân Hà
chucdanh_pho_thong_doc,ChucDanh,Phó Thống đốc,Phó Thống đốc,117310,gemini,1.0,PHÓ THỐNG ĐỐC
coquan_ngan_hang_nha_nuoc_viet_nam,CoQuan,Ngân hàng Nhà nước Việt Nam,Ngân hàng Nhà nước Việt Nam,117310,gemini,1.0,NGÂN HÀNG NHÀ NƯỚC VIỆT NAM
doituongapdung_chi_nhanh_ngan_hang_nuoc_ngoai,DoiTuongApDung,Chi nhánh ngân hàng nước ngoài,Chi nhánh ngân hàng nước ngoài,117310,gemini,1.0,b) Chi nhánh ngân hàng nước ngoài.
doituongapdung_ngan_hang,DoiTuongApDung,Ngân hàng,Ngân hàng,117310,gemini,1.0,"a) Ngân hàng: Ngân hàng thương mại nhà nước, ngân hàng thương mại cổ phần, ngân hàng liên doanh, ngân hàng 100% vốn nước ngoài;"
linhvuc_thanh_tra_giam_sat_ngan_hang,LinhVuc,"Thanh tra, giám sát ngân hàng","Thanh tra, giám sát ngân hàng",117310,gemini,0.9,"Theo đề nghị của Chánh Thanh tra, giám sát ngân hàng;"
nganh_ngan_hang,Nganh,Ngân hàng,Ngân hàng,117310,gemini,1.0,"Quy định tỷ lệ an toàn vốn đối với ngân hàng, chi nhánh ngân hàng nước ngoài"
nguoiky_nguyen_dong_tien,NguoiKy,Nguyễn Đồng Tiến,Nguyễn Đồng Tiến,117310,gemini,1.0,Nguyễn Đồng Tiến
chucdanh_thu_tuong_chinh_phu,ChucDanh,Thủ tướng Chính phủ,Thủ tướng Chính phủ,133858,gemini,1.0,THỦ TƯỚNG CHÍNH PHỦ
coquan_chinh_phu,CoQuan,Chính phủ,Chính phủ,133858,gemini,1.0,CHÍNH PHỦ
doituongapdung_cac_bo_co_quan_ngang_bo_co_quan_thuoc_chinh_phu,DoiTuongApDung,"Các bộ, cơ quan ngang bộ, cơ quan thuộc Chính phủ","Các bộ, cơ quan ngang bộ, cơ quan thuộc Chính phủ",133858,gemini,1.0,"a) Các bộ, cơ quan ngang bộ, cơ quan thuộc Chính phủ;"
doituongapdung_cac_doanh_nghiep,DoiTuongApDung,Các doanh nghiệp,Các doanh nghiệp,133858,gemini,1.0,d) Các doanh nghiệp;
doituongapdung_cac_to_chuc_ca_nhan_khac_co_lien_quan_den_hoat_dong_kiem_toan_noi_bo,DoiTuongApDung,"Các tổ chức, cá nhân khác có liên quan đến hoạt động kiểm toán nội bộ","Các tổ chức, cá nhân khác có liên quan đến hoạt động kiểm toán nội bộ",133858,gemini,1.0,"đ) Các tổ chức, cá nhân khác có liên quan đến hoạt động kiểm toán nội bộ."
doituongapdung_cac_don_vi_su_nghiep_cong_lap,DoiTuongApDung,Các đơn vị sự nghiệp công lập,Các đơn vị sự nghiệp công lập,133858,gemini,1.0,c) Các đơn vị sự nghiệp công lập;
doituongapdung_uy_ban_nhan_dan_cac_tinh_thanh_pho_truc_thuoc_trung_uong,DoiTuongApDung,"Ủy ban nhân dân các tỉnh, thành phố trực thuộc trung ương","Ủy ban nhân dân các tỉnh, thành phố trực thuộc trung ương",133858,gemini,1.0,"b) Ủy ban nhân dân các tỉnh, thành phố trực thuộc trung ương;"
linhvuc_kiem_toan_noi_bo,LinhVuc,Kiểm toán nội bộ,Kiểm toán nội bộ,133858,gemini,0.9,"Nghị định này quy định về công tác kiểm toán nội bộ trong các cơ quan nhà nước, đơn vị sự nghiệp công lập và các doanh nghiệp."
nganh_kiem_toan,Nganh,Kiểm toán,Kiểm toán,133858,gemini,0.9,"Nghị định này quy định về công tác kiểm toán nội bộ trong các cơ quan nhà nước, đơn vị sự nghiệp công lập và các doanh nghiệp."
nguoiky_nguyen_xuan_phuc,NguoiKy,Nguyễn Xuân Phúc,Nguyễn Xuân Phúc,133858,gemini,1.0,Nguyễn Xuân Phúc
chucdanh_thu_truong,ChucDanh,Thứ trưởng,Thứ trưởng,143217,gemini,1.0,THỨ TRƯỞNG
coquan_bo_tai_chinh,CoQuan,Bộ Tài chính,Bộ Tài chính,143217,gemini,1.0,BỘ TÀI CHÍNH
doituongapdung_cac_doanh_nghiep_khong_thuoc_quy_dinh_tai_khoan_1_dieu_nay,DoiTuongApDung,Các doanh nghiệp không thuộc quy định tại khoản 1 Điều này,Các doanh nghiệp không thuộc quy định tại khoản 1 Điều này,143217,gemini,1.0,Các doanh nghiệp không thuộc quy định tại khoản 1 Điều này được khuyến khích xây dựng Quy chế kiểm toán nội bộ trên cơ sở tham chiếu mẫu Quy chế kiểm toán nội bộ ban hành kèm theo Thông tư này.
doituongapdung_cac_doanh_nghiep_quy_dinh_tai_khoan_1_dieu_10_nghi_dinh_so_05_2019_nd_cp_ngay_22_thang_01_nam_2019_cua_chinh_phu_ve_kiem_toan_noi_bo,DoiTuongApDung,các doanh nghiệp quy định tại khoản 1 Điều 10 Nghị định số 05/2019/NĐ-CP ngày 22 tháng 01 năm 2019 của Chính phủ về kiếm toán nội bộ,các doanh nghiệp quy định tại khoản 1 Điều 10 Nghị định số 05/2019/NĐ-CP ngày 22 tháng 01 năm 2019 của Chính phủ về kiếm toán nội bộ,143217,gemini,1.0,Thông tư này áp dụng đối với các doanh nghiệp quy định tại khoản 1 Điều 10 Nghị định số 05/2019/NĐ-CP ngày 22 tháng 01 năm 2019 của Chính phủ về kiếm toán nội bộ.
nguoiky_do_hoang_anh_tuan,NguoiKy,Đỗ Hoàng Anh Tuấn,Đỗ Hoàng Anh Tuấn,143217,gemini,1.0,Đỗ Hoàng Anh Tuấn
chucdanh_thu_tuong,ChucDanh,Thủ tướng,Thủ tướng,146468,gemini,1.0,THỦ TƯỚNG
coquan_chinh_phu,CoQuan,Chính phủ,Chính phủ,146468,gemini,1.0,CHÍNH PHỦ
doituongapdung_cong_ty_chung_khoan_cong_ty_quan_ly_quy_dau_tu_chung_khoan,DoiTuongApDung,"Công ty chứng khoán, công ty quản lý quỹ đầu tư chứng khoán","Công ty chứng khoán, công ty quản lý quỹ đầu tư chứng khoán",146468,gemini,1.0,"g) Công ty chứng khoán, công ty quản lý quỹ đầu tư chứng khoán, chi nhánh, văn phòng đại diện công ty chứng khoán, công ty quản lý quỹ nước ngoài tại Việt Nam, công ty đầu tư chứng khoán;"
doituongapdung_cong_ty_dai_chung,DoiTuongApDung,Công ty đại chúng,Công ty đại chúng,146468,gemini,1.0,a) Công ty đại chúng;
doituongapdung_doanh_nghiep_nha_nuoc,DoiTuongApDung,Doanh nghiệp nhà nước,Doanh nghiệp nhà nước,146468,gemini,1.0,"b) Doanh nghiệp nhà nước, công ty trách nhiệm hữu hạn một thành viên do doanh nghiệp nhà nước nắm giữ 100% vốn điều lệ, đơn vị sự nghiệp công lập cổ phần hóa dưới hình thức chào bán chứng khoán ra công chúng;"
doituongapdung_ngan_hang_thuong_mai,DoiTuongApDung,Ngân hàng thương mại,Ngân hàng thương mại,146468,gemini,1.0,"k) Ngân hàng thương mại, chi nhánh ngân hàng nước ngoài tại Việt Nam thực hiện hoạt động lưu ký, bù trừ, thanh toán giao dịch chứng khoán; ngân hàng giám sát;"
doituongapdung_so_giao_dich_chung_khoan_viet_nam,DoiTuongApDung,Sở giao dịch chứng khoán Việt Nam,Sở giao dịch chứng khoán Việt Nam,146468,gemini,1.0,"h) Sở giao dịch chứng khoán Việt Nam và công ty con, Tổng công ty lưu ký và bù trừ chứng khoán Việt Nam;"
doituongapdung_to_chuc_kiem_toan_duoc_chap_thuan,DoiTuongApDung,Tổ chức kiểm toán được chấp thuận,Tổ chức kiểm toán được chấp thuận,146468,gemini,1.0,đ) Tổ chức kiểm toán được chấp thuận;
doituongapdung_to_chuc_niem_yet_to_chuc_dang_ky_giao_dich,DoiTuongApDung,"Tổ chức niêm yết, tổ chức đăng ký giao dịch","Tổ chức niêm yết, tổ chức đăng ký giao dịch",146468,gemini,1.0,"d) Tổ chức niêm yết, tổ chức đăng ký giao dịch; tổ chức tư vấn niêm yết, đăng ký giao dịch;"
doituongapdung_to_chuc_phat_hanh,DoiTuongApDung,Tổ chức phát hành,Tổ chức phát hành,146468,gemini,1.0,c) Tổ chức phát hành;
doituongapdung_to_chuc_ca_nhan_viet_nam,DoiTuongApDung,"Tổ chức, cá nhân Việt Nam","Tổ chức, cá nhân Việt Nam",146468,gemini,1.0,"Tổ chức, cá nhân Việt Nam và tổ chức, cá nhân nước ngoài (sau đây gọi chung là tổ chức, cá nhân) thực hiện hành vi vi phạm hành chính trong lĩnh vực chứng khoán và thị trường chứng khoán quy định tại Nghị định này."
doituongapdung_to_chuc_ca_nhan_nuoc_ngoai,DoiTuongApDung,"Tổ chức, cá nhân nước ngoài","Tổ chức, cá nhân nước ngoài",146468,gemini,1.0,"Tổ chức, cá nhân Việt Nam và tổ chức, cá nhân nước ngoài (sau đây gọi chung là tổ chức, cá nhân) thực hiện hành vi vi phạm hành chính trong lĩnh vực chứng khoán và thị trường chứng khoán quy định tại Nghị định này."
linhvuc_chung_khoan,LinhVuc,Chứng khoán,Chứng khoán,146468,gemini,1.0,trong lĩnh vực chứng khoán và thị trường chứng khoán
nganh_tai_chinh,Nganh,Tài chính,Tài chính,146468,gemini,0.9,Theo đề nghị của Bộ trưởng Bộ Tài chính.
nguoiky_nguyen_xuan_phuc,NguoiKy,Nguyễn Xuân Phúc,Nguyễn Xuân Phúc,146468,gemini,1.0,Nguyễn Xuân Phúc
chucdanh_thu_truong,ChucDanh,Thứ trưởng,Thứ trưởng,150974,gemini,1.0,THỨ TRƯỞNG
coquan_bo_tai_chinh,CoQuan,Bộ Tài chính,Bộ Tài chính,150974,gemini,1.0,BỘ TÀI CHÍNH
doituongapdung_cac_doanh_nghiep,DoiTuongApDung,các doanh nghiệp,các doanh nghiệp,150974,gemini,1.0,"áp dụng đối với các doanh nghiệp, cơ quan nhà nước, đơn vị sự nghiệp công lập quy định tại Điều 8, Điều 9, Điều 10 Nghị định số 05/2019/NĐ-CP"
doituongapdung_cac_to_chuc_ca_nhan_co_lien_quan_trong_hoat_dong_kiem_toan_noi_bo_cua_cac_don_vi_nay,DoiTuongApDung,các tổ chức cá nhân có liên quan trong hoạt động kiểm toán nội bộ của các đơn vị này,các tổ chức cá nhân có liên quan trong hoạt động kiểm toán nội bộ của các đơn vị này,150974,gemini,1.0,và các tổ chức cá nhân có liên quan trong hoạt động kiểm toán nội bộ của các đơn vị này
doituongapdung_co_quan_nha_nuoc,DoiTuongApDung,cơ quan nhà nước,cơ quan nhà nước,150974,gemini,1.0,"áp dụng đối với các doanh nghiệp, cơ quan nhà nước, đơn vị sự nghiệp công lập quy định tại Điều 8, Điều 9, Điều 10 Nghị định số 05/2019/NĐ-CP"
doituongapdung_don_vi_su_nghiep_cong_lap,DoiTuongApDung,đơn vị sự nghiệp công lập,đơn vị sự nghiệp công lập,150974,gemini,1.0,"áp dụng đối với các doanh nghiệp, cơ quan nhà nước, đơn vị sự nghiệp công lập quy định tại Điều 8, Điều 9, Điều 10 Nghị định số 05/2019/NĐ-CP"
linhvuc_kiem_toan_noi_bo,LinhVuc,Kiểm toán nội bộ,Kiểm toán nội bộ,150974,gemini,0.9,Ban hành chuẩn mực kiểm toán nội bộ Việt Nam và các nguyên tắc đạo đức nghề nghiệp kiểm toán nội bộ
nganh_tai_chinh,Nganh,Tài chính,Tài chính,150974,gemini,0.9,Website Chính phủ và Website Bộ Tài chính
nguoiky_ta_anh_tuan,NguoiKy,Tạ Anh Tuấn,Tạ Anh Tuấn,150974,gemini,1.0,Tạ Anh Tuấn
chucdanh_pho_thu_tuong_chinh_phu,ChucDanh,Phó Thủ tướng Chính phủ,Phó Thủ tướng Chính phủ,163441,gemini,1.0,Phó Thủ tướng Chính phủ
coquan_chinh_phu,CoQuan,Chính phủ,Chính phủ,163441,gemini,1.0,CHÍNH PHỦ
doituongapdung_ben_mua_bao_hiem,DoiTuongApDung,Bên mua bảo hiểm,Bên mua bảo hiểm,163441,gemini,1.0,"Bên mua bảo hiểm, người được bảo hiểm, người thụ hưởng"
doituongapdung_chi_nhanh_doanh_nghiep_bao_hiem_phi_nhan_tho_nuoc_ngoai,DoiTuongApDung,Chi nhánh doanh nghiệp bảo hiểm phi nhân thọ nước ngoài,Chi nhánh doanh nghiệp bảo hiểm phi nhân thọ nước ngoài,163441,gemini,1.0,"Chi nhánh doanh nghiệp bảo hiểm phi nhân thọ nước ngoài, chi nhánh doanh nghiệp tái bảo hiểm nước ngoài (sau đây gọi là chi nhánh nước ngoài tại Việt Nam); Văn phòng đại diện của doanh nghiệp bảo hiểm nước ngoài, doanh nghiệp tái bảo hiểm nước ngoài, doanh nghiệp môi giới bảo hiểm nước ngoài, tập đoàn tài chính, bảo hiểm nước ngoài tại Việt Nam (sau đây gọi là văn phòng đại diện nước ngoài tại Việt Nam)."
doituongapdung_chi_nhanh_doanh_nghiep_tai_bao_hiem_nuoc_ngoai,DoiTuongApDung,Chi nhánh doanh nghiệp tái bảo hiểm nước ngoài,Chi nhánh doanh nghiệp tái bảo hiểm nước ngoài,163441,gemini,1.0,"Chi nhánh doanh nghiệp bảo hiểm phi nhân thọ nước ngoài, chi nhánh doanh nghiệp tái bảo hiểm nước ngoài (sau đây gọi là chi nhánh nước ngoài tại Việt Nam); Văn phòng đại diện của doanh nghiệp bảo hiểm nước ngoài, doanh nghiệp tái bảo hiểm nước ngoài, doanh nghiệp môi giới bảo hiểm nước ngoài, tập đoàn tài chính, bảo hiểm nước ngoài tại Việt Nam (sau đây gọi là văn phòng đại diện nước ngoài tại Việt Nam)."
doituongapdung_co_quan_quan_ly_nha_nuoc_ve_hoat_dong_kinh_doanh_bao_hiem,DoiTuongApDung,Cơ quan quản lý nhà nước về hoạt động kinh doanh bảo hiểm,Cơ quan quản lý nhà nước về hoạt động kinh doanh bảo hiểm,163441,gemini,1.0,Cơ quan quản lý nhà nước về hoạt động kinh doanh bảo hiểm.
doituongapdung_doanh_nghiep_bao_hiem_nhan_tho,DoiTuongApDung,Doanh nghiệp bảo hiểm nhân thọ,Doanh nghiệp bảo hiểm nhân thọ,163441,gemini,1.0,"Doanh nghiệp bảo hiểm phi nhân thọ, doanh nghiệp bảo hiểm nhân thọ, doanh nghiệp bảo hiểm sức khỏe (sau đây gọi là doanh nghiệp bảo hiểm), doanh nghiệp tái bảo hiểm, đại lý bảo hiểm, doanh nghiệp môi giới bảo hiểm, tổ chức, cá nhân cung cấp dịch vụ phụ trợ bảo hiểm, tổ chức tương hỗ cung cấp bảo hiểm vi mô."
doituongapdung_doanh_nghiep_bao_hiem_phi_nhan_tho,DoiTuongApDung,Doanh nghiệp bảo hiểm phi nhân thọ,Doanh nghiệp bảo hiểm phi nhân thọ,163441,gemini,1.0,"Doanh nghiệp bảo hiểm phi nhân thọ, doanh nghiệp bảo hiểm nhân thọ, doanh nghiệp bảo hiểm sức khỏe (sau đây gọi là doanh nghiệp bảo hiểm), doanh nghiệp tái bảo hiểm, đại lý bảo hiểm, doanh nghiệp môi giới bảo hiểm, tổ chức, cá nhân cung cấp dịch vụ phụ trợ bảo hiểm, tổ chức tương hỗ cung cấp bảo hiểm vi mô."
doituongapdung_doanh_nghiep_bao_hiem_suc_khoe,DoiTuongApDung,Doanh nghiệp bảo hiểm sức khỏe,Doanh nghiệp bảo hiểm sức khỏe,163441,gemini,1.0,"Doanh nghiệp bảo hiểm phi nhân thọ, doanh nghiệp bảo hiểm nhân thọ, doanh nghiệp bảo hiểm sức khỏe (sau đây gọi là doanh nghiệp bảo hiểm), doanh nghiệp tái bảo hiểm, đại lý bảo hiểm, doanh nghiệp môi giới bảo hiểm, tổ chức, cá nhân cung cấp dịch vụ phụ trợ bảo hiểm, tổ chức tương hỗ cung cấp bảo hiểm vi mô."
doituongapdung_doanh_nghiep_moi_gioi_bao_hiem,DoiTuongApDung,Doanh nghiệp môi giới bảo hiểm,Doanh nghiệp môi giới bảo hiểm,163441,gemini,1.0,"Doanh nghiệp bảo hiểm phi nhân thọ, doanh nghiệp bảo hiểm nhân thọ, doanh nghiệp bảo hiểm sức khỏe (sau đây gọi là doanh nghiệp bảo hiểm), doanh nghiệp tái bảo hiểm, đại lý bảo hiểm, doanh nghiệp môi giới bảo hiểm, tổ chức, cá nhân cung cấp dịch vụ phụ trợ bảo hiểm, tổ chức tương hỗ cung cấp bảo hiểm vi mô."
doituongapdung_doanh_nghiep_tai_bao_hiem,DoiTuongApDung,Doanh nghiệp tái bảo hiểm,Doanh nghiệp tái bảo hiểm,163441,gemini,1.0,"Doanh nghiệp bảo hiểm phi nhân thọ, doanh nghiệp bảo hiểm nhân thọ, doanh nghiệp bảo hiểm sức khỏe (sau đây gọi là doanh nghiệp bảo hiểm), doanh nghiệp tái bảo hiểm, đại lý bảo hiểm, doanh nghiệp môi giới bảo hiểm, tổ chức, cá nhân cung cấp dịch vụ phụ trợ bảo hiểm, tổ chức tương hỗ cung cấp bảo hiểm vi mô."
doituongapdung_nguoi_thu_huong,DoiTuongApDung,Người thụ hưởng,Người thụ hưởng,163441,gemini,1.0,"Bên mua bảo hiểm, người được bảo hiểm, người thụ hưởng"
doituongapdung_nguoi_duoc_bao_hiem,DoiTuongApDung,Người được bảo hiểm,Người được bảo hiểm,163441,gemini,1.0,"Bên mua bảo hiểm, người được bảo hiểm, người thụ hưởng"
doituongapdung_to_chuc_tuong_ho_cung_cap_bao_hiem_vi_mo,DoiTuongApDung,Tổ chức tương hỗ cung cấp bảo hiểm vi mô,Tổ chức tương hỗ cung cấp bảo hiểm vi mô,163441,gemini,1.0,"Doanh nghiệp bảo hiểm phi nhân thọ, doanh nghiệp bảo hiểm nhân thọ, doanh nghiệp bảo hiểm sức khỏe (sau đây gọi là doanh nghiệp bảo hiểm), doanh nghiệp tái bảo hiểm, đại lý bảo hiểm, doanh nghiệp môi giới bảo hiểm, tổ chức, cá nhân cung cấp dịch vụ phụ trợ bảo hiểm, tổ chức tương hỗ cung cấp bảo hiểm vi mô."
doituongapdung_to_chuc_va_ca_nhan_co_lien_quan_den_hoat_dong_kinh_doanh_bao_hiem,DoiTuongApDung,Tổ chức và cá nhân có liên quan đến hoạt động kinh doanh bảo hiểm,Tổ chức và cá nhân có liên quan đến hoạt động kinh doanh bảo hiểm,163441,gemini,1.0,Tổ chức và cá nhân có liên quan đến hoạt động kinh doanh bảo hiểm.
doituongapdung_to_chuc_ca_nhan_cung_cap_dich_vu_phu_tro_bao_hiem,DoiTuongApDung,"Tổ chức, cá nhân cung cấp dịch vụ phụ trợ bảo hiểm","Tổ chức, cá nhân cung cấp dịch vụ phụ trợ bảo hiểm",163441,gemini,1.0,"Doanh nghiệp bảo hiểm phi nhân thọ, doanh nghiệp bảo hiểm nhân thọ, doanh nghiệp bảo hiểm sức khỏe (sau đây gọi là doanh nghiệp bảo hiểm), doanh nghiệp tái bảo hiểm, đại lý bảo hiểm, doanh nghiệp môi giới bảo hiểm, tổ chức, cá nhân cung cấp dịch vụ phụ trợ bảo hiểm, tổ chức tương hỗ cung cấp bảo hiểm vi mô."
doituongapdung_van_phong_dai_dien_cua_doanh_nghiep_bao_hiem_nuoc_ngoai,DoiTuongApDung,Văn phòng đại diện của doanh nghiệp bảo hiểm nước ngoài,Văn phòng đại diện của doanh nghiệp bảo hiểm nước ngoài,163441,gemini,1.0,"Chi nhánh doanh nghiệp bảo hiểm phi nhân thọ nước ngoài, chi nhánh doanh nghiệp tái bảo hiểm nước ngoài (sau đây gọi là chi nhánh nước ngoài tại Việt Nam); Văn phòng đại diện của doanh nghiệp bảo hiểm nước ngoài, doanh nghiệp tái bảo hiểm nước ngoài, doanh nghiệp môi giới bảo hiểm nước ngoài, tập đoàn tài chính, bảo hiểm nước ngoài tại Việt Nam (sau đây gọi là văn phòng đại diện nước ngoài tại Việt Nam)."
doituongapdung_dai_ly_bao_hiem,DoiTuongApDung,Đại lý bảo hiểm,Đại lý bảo hiểm,163441,gemini,1.0,"Doanh nghiệp bảo hiểm phi nhân thọ, doanh nghiệp bảo hiểm nhân thọ, doanh nghiệp bảo hiểm sức khỏe (sau đây gọi là doanh nghiệp bảo hiểm), doanh nghiệp tái bảo hiểm, đại lý bảo hiểm, doanh nghiệp môi giới bảo hiểm, tổ chức, cá nhân cung cấp dịch vụ phụ trợ bảo hiểm, tổ chức tương hỗ cung cấp bảo hiểm vi mô."
linhvuc_bao_hiem,LinhVuc,Bảo hiểm,Bảo hiểm,163441,gemini,1.0,Luật Kinh doanh bảo hiểm
nganh_tai_chinh,Nganh,Tài chính,Tài chính,163441,gemini,0.9,Bộ trưởng Bộ Tài chính
nguoiky_le_minh_khai,NguoiKy,Lê Minh Khái,Lê Minh Khái,163441,gemini,1.0,Lê Minh Khái
chucdanh_pho_thong_doc,ChucDanh,Phó Thống đốc,Phó Thống đốc,164719,gemini,1.0,PHÓ THỐNG ĐỐC
coquan_ngan_hang_nha_nuoc_viet_nam,CoQuan,Ngân hàng Nhà nước Việt Nam,Ngân hàng Nhà nước Việt Nam,164719,gemini,1.0,NGÂN HÀNG NHÀ NƯỚC VIỆT NAM
doituongapdung_chi_nhanh_ngan_hang_nuoc_ngoai,DoiTuongApDung,Chi nhánh ngân hàng nước ngoài,Chi nhánh ngân hàng nước ngoài,164719,gemini,1.0,"Thủ trưởng các đơn vị thuộc Ngân hàng Nhà nước, ngân hàng, chi nhánh ngân hàng nước ngoài chịu trách nhiệm tổ chức thực hiện Thông tư này."
doituongapdung_ngan_hang,DoiTuongApDung,Ngân hàng,Ngân hàng,164719,gemini,1.0,"Thủ trưởng các đơn vị thuộc Ngân hàng Nhà nước, ngân hàng, chi nhánh ngân hàng nước ngoài chịu trách nhiệm tổ chức thực hiện Thông tư này."
doituongapdung_ngan_hang_nha_nuoc_viet_nam,DoiTuongApDung,Ngân hàng Nhà nước Việt Nam,Ngân hàng Nhà nước,164719,gemini,1.0,"Thủ trưởng các đơn vị thuộc Ngân hàng Nhà nước, ngân hàng, chi nhánh ngân hàng nước ngoài chịu trách nhiệm tổ chức thực hiện Thông tư này."
linhvuc_thanh_tra_giam_sat_ngan_hang,LinhVuc,"Thanh tra, giám sát ngân hàng","Thanh tra, giám sát ngân hàng",164719,gemini,1.0,"Theo đề nghị của Chánh Thanh tra, giám sát ngân hàng;"
nganh_ngan_hang,Nganh,Ngân hàng,Ngân hàng,164719,gemini,1.0,"quy định tỷ lệ an toàn vốn đối với ngân hàng, chi nhánh ngân hàng nước ngoài"
nguoiky_doan_thai_son,NguoiKy,Đoàn Thái Sơn,Đoàn Thái Sơn,164719,gemini,1.0,Đoàn Thái Sơn
chucdanh_chu_tich_quoc_hoi,ChucDanh,Chủ tịch Quốc hội,Chủ tịch Quốc hội,166170,gemini,1.0,CHỦ TỊCH QUỐC HỘI
coquan_quoc_hoi,CoQuan,Quốc hội,Quốc hội,166170,gemini,1.0,QUỐC HỘI
doituongapdung_chi_nhanh_ngan_hang_nuoc_ngoai,DoiTuongApDung,Chi nhánh ngân hàng nước ngoài,Chi nhánh ngân hàng nước ngoài,166170,gemini,1.0,2. Chi nhánh ngân hàng nước ngoài.
doituongapdung_co_quan_to_chuc_ca_nhan_co_lien_quan,DoiTuongApDung,"Cơ quan, tổ chức, cá nhân có liên quan","Cơ quan, tổ chức, cá nhân có liên quan",166170,gemini,1.0,"5. Cơ quan, tổ chức, cá nhân có liên quan đến việc thành lập, tổ chức, hoạt động, can thiệp sớm, kiểm soát đặc biệt, tổ chức lại, giải thể, phá sản tổ chức tín dụng..."
doituongapdung_to_chuc_ma_nha_nuoc_so_huu_100_von_dieu_le_co_chuc_nang_mua_ban_xu_ly_no,DoiTuongApDung,"Tổ chức mà Nhà nước sở hữu 100% vốn điều lệ có chức năng mua, bán, xử lý nợ","Tổ chức mà Nhà nước sở hữu 100% vốn điều lệ có chức năng mua, bán, xử lý nợ",166170,gemini,1.0,"4. Tổ chức mà Nhà nước sở hữu 100% vốn điều lệ có chức năng mua, bán, xử lý nợ (sau đây gọi là tổ chức mua bán, xử lý nợ)."
doituongapdung_to_chuc_tin_dung,DoiTuongApDung,Tổ chức tín dụng,Tổ chức tín dụng,166170,gemini,1.0,1. Tổ chức tín dụng.
doituongapdung_van_phong_dai_dien_tai_viet_nam_cua_to_chuc_tin_dung_nuoc_ngoai_to_chuc_nuoc_ngoai_khac_co_hoat_dong_ngan_hang,DoiTuongApDung,"Văn phòng đại diện tại Việt Nam của tổ chức tín dụng nước ngoài, tổ chức nước ngoài khác có hoạt động ngân hàng","Văn phòng đại diện tại Việt Nam của tổ chức tín dụng nước ngoài, tổ chức nước ngoài khác có hoạt động ngân hàng",166170,gemini,1.0,"3. Văn phòng đại diện tại Việt Nam của tổ chức tín dụng nước ngoài, tổ chức nước ngoài khác có hoạt động ngân hàng (sau đây gọi là văn phòng đại diện nước ngoài)."
linhvuc_tin_dung,LinhVuc,Tín dụng,Tín dụng,166170,gemini,0.8,Luật Các tổ chức tín dụng số 32/2024/QH15
nganh_ngan_hang,Nganh,Ngân hàng,Ngân hàng,166170,gemini,0.8,chi nhánh ngân hàng nước ngoài
nguoiky_vuong_dinh_hue,NguoiKy,Vương Đình Huệ,Vương Đình Huệ,166170,gemini,1.0,Vương Đình Huệ
chucdanh_chu_tich_quoc_hoi,ChucDanh,Chủ tịch Quốc hội,Chủ tịch Quốc hội,166269,gemini,1.0,CHỦ TỊCH QUỐC HỘI
coquan_quoc_hoi,CoQuan,Quốc hội,Quốc hội,166269,gemini,1.0,QUỐC HỘI
doituongapdung_co_quan_to_chuc_ca_nhan_co_lien_quan_den_thanh_lap_to_chuc_quan_ly_to_chuc_lai_giai_the_pha_san_va_hoat_dong_co_lien_quan_cua_to_hop_tac_hop_tac_xa_lien_hiep_hop_tac_xa,DoiTuongApDung,"Cơ quan, tổ chức, cá nhân có liên quan đến thành lập, tổ chức quản lý, tổ chức lại, giải thể, phá sản và hoạt động có liên quan của tổ hợp tác, hợp tác xã, liên hiệp hợp tác xã","Cơ quan, tổ chức, cá nhân có liên quan đến thành lập, tổ chức quản lý, tổ chức lại, giải thể, phá sản và hoạt động có liên quan của tổ hợp tác, hợp tác xã, liên hiệp hợp tác xã",166269,gemini,1.0,"3. Cơ quan, tổ chức, cá nhân có liên quan đến thành lập, tổ chức quản lý, tổ chức lại, giải thể, phá sản và hoạt động có liên quan của tổ hợp tác, hợp tác xã, liên hiệp hợp tác xã."
doituongapdung_thanh_vien_cua_to_hop_tac_hop_tac_xa_lien_hiep_hop_tac_xa,DoiTuongApDung,"Thành viên của tổ hợp tác, hợp tác xã, liên hiệp hợp tác xã","Thành viên của tổ hợp tác, hợp tác xã, liên hiệp hợp tác xã",166269,gemini,1.0,"2. Thành viên của tổ hợp tác, hợp tác xã, liên hiệp hợp tác xã."
doituongapdung_to_hop_tac_hop_tac_xa_lien_hiep_hop_tac_xa,DoiTuongApDung,"Tổ hợp tác, hợp tác xã, liên hiệp hợp tác xã","Tổ hợp tác, hợp tác xã, liên hiệp hợp tác xã",166269,gemini,1.0,"1. Tổ hợp tác, hợp tác xã, liên hiệp hợp tác xã."
nguoiky_vuong_dinh_hue,NguoiKy,Vương Đình Huệ,Vương Đình Huệ,166269,gemini,1.0,Vương Đình Huệ
chucdanh_pho_thong_doc,ChucDanh,Phó Thống đốc,Phó Thống đốc,168220,gemini,1.0,PHÓ THỐNG ĐỐC
coquan_ngan_hang_nha_nuoc_viet_nam,CoQuan,Ngân hàng Nhà nước Việt Nam,Ngân hàng Nhà nước Việt Nam,168220,gemini,0.95,NGÂN HÀNG NHÀ NƯỚC VIỆT NAM
doituongapdung_ngan_hang_hop_tac_xa,DoiTuongApDung,Ngân hàng hợp tác xã,Ngân hàng hợp tác xã,168220,gemini,1.0,1. Ngân hàng hợp tác xã.
doituongapdung_quy_tin_dung_nhan_dan,DoiTuongApDung,Quỹ tín dụng nhân dân,Quỹ tín dụng nhân dân,168220,gemini,1.0,2. Quỹ tín dụng nhân dân.
doituongapdung_to_chuc_ca_nhan_co_lien_quan_den_pham_vi_dieu_chinh_quy_dinh_tai_dieu_1_thong_tu_nay,DoiTuongApDung,"Tổ chức, cá nhân có liên quan đến phạm vi điều chỉnh quy định tại Điều 1 Thông tư này","Tổ chức, cá nhân có liên quan đến phạm vi điều chỉnh quy định tại Điều 1 Thông tư này",168220,gemini,1.0,"3. Tổ chức, cá nhân có liên quan đến phạm vi điều chỉnh quy định tại Điều 1 Thông tư này."
linhvuc_thanh_tra_giam_sat_ngan_hang,LinhVuc,"Thanh tra, giám sát ngân hàng","Thanh tra, giám sát ngân hàng",168220,gemini,0.9,"Theo đề nghị của Chánh Thanh tra, giám sát ngân hàng;"
nganh_ngan_hang,Nganh,Ngân hàng,Ngân hàng,168220,gemini,0.9,hoạt động trong lĩnh vực ngân hàng
nguoiky_dao_minh_tu,NguoiKy,Đào Minh Tú,Đào Minh Tú,168220,gemini,1.0,Đào Minh Tú
chucdanh_pho_thong_doc,ChucDanh,Phó Thống đốc,Phó Thống đốc,168859,gemini,1.0,PHÓ THỐNG ĐỐC
coquan_ngan_hang_nha_nuoc_viet_nam,CoQuan,Ngân hàng Nhà nước Việt Nam,Ngân hàng Nhà nước Việt Nam,168859,gemini,0.95,NGÂN HÀNG NHÀ NƯỚC VIỆT NAM
doituongapdung_ngan_hang_hop_tac_xa,DoiTuongApDung,Ngân hàng hợp tác xã,Ngân hàng hợp tác xã,168859,gemini,1.0,2. Ngân hàng hợp tác xã.
doituongapdung_quy_tin_dung_nhan_dan,DoiTuongApDung,Quỹ tín dụng nhân dân,Quỹ tín dụng nhân dân,168859,gemini,1.0,1. Quỹ tín dụng nhân dân.
doituongapdung_to_chuc_ca_nhan_co_lien_quan_den_quan_tri_dieu_hanh_to_chuc_va_hoat_dong_cua_quy_tin_dung_nhan_dan,DoiTuongApDung,"Tổ chức, cá nhân có liên quan đến quản trị, điều hành, tổ chức và hoạt động của quỹ tín dụng nhân dân","Tổ chức, cá nhân có liên quan đến quản trị, điều hành, tổ chức và hoạt động của quỹ tín dụng nhân dân",168859,gemini,1.0,"3. Tổ chức, cá nhân có liên quan đến quản trị, điều hành, tổ chức và hoạt động của quỹ tín dụng nhân dân."
linhvuc_thanh_tra_giam_sat_ngan_hang,LinhVuc,"Thanh tra, giám sát ngân hàng","Thanh tra, giám sát ngân hàng",168859,gemini,0.9,"Theo đề nghị của Chánh Thanh tra, giám sát ngân hàng;"
nganh_ngan_hang,Nganh,Ngân hàng,Ngân hàng,168859,gemini,0.9,NGÂN HÀNG NHÀ NƯỚC
nguoiky_dao_minh_tu,NguoiKy,Đào Minh Tú,Đào Minh Tú,168859,gemini,1.0,Đào Minh Tú
chucdanh_pho_thong_doc,ChucDanh,Phó Thống đốc,Phó Thống đốc,169221,gemini,1.0,PHÓ THỐNG ĐỐC (Đã ký)
coquan_ngan_hang_nha_nuoc_viet_nam,CoQuan,Ngân hàng Nhà nước Việt Nam,Ngân hàng Nhà nước Việt Nam,169221,gemini,0.95,NGÂN HÀNG NHÀ NƯỚC VIỆT NAM
doituongapdung_chanh_van_phong,DoiTuongApDung,Chánh Văn phòng,Chánh Văn phòng,169221,gemini,0.95,"Chánh Văn phòng, Cục trưởng Cục Quản lý dự trữ ngoại hối nhà nước và Thủ trưởng các đơn vị thuộc Ngân hàng Nhà nước Việt Nam chịu trách nhiệm tổ chức thực hiện Thông tư này."
doituongapdung_cuc_quan_ly_du_tru_ngoai_hoi_nha_nuoc,DoiTuongApDung,Cục Quản lý dự trữ ngoại hối nhà nước,Cục Quản lý dự trữ ngoại hối nhà nước,169221,gemini,0.95,Cục trưởng Cục Quản lý dự trữ ngoại hối nhà nước
doituongapdung_thu_truong_cac_don_vi_thuoc_ngan_hang_nha_nuoc_viet_nam,DoiTuongApDung,Thủ trưởng các đơn vị thuộc Ngân hàng Nhà nước Việt Nam,Thủ trưởng các đơn vị thuộc Ngân hàng Nhà nước Việt Nam,169221,gemini,0.95,"Chánh Văn phòng, Cục trưởng Cục Quản lý dự trữ ngoại hối nhà nước và Thủ trưởng các đơn vị thuộc Ngân hàng Nhà nước Việt Nam chịu trách nhiệm tổ chức thực hiện Thông tư này."
linhvuc_quan_ly_ngoai_hoi,LinhVuc,Quản lý ngoại hối,Quản lý ngoại hối,169221,gemini,0.9,hướng dẫn việc tổ chức thực hiện hoạt động quản lý dự trữ ngoại hối nhà nước
nganh_ngan_hang,Nganh,Ngân hàng,Ngân hàng,169221,gemini,0.9,NGÂN HÀNG NHÀ NƯỚC
nguoiky_pham_thanh_ha,NguoiKy,Phạm Thanh Hà,Phạm Thanh Hà,169221,gemini,1.0,Phạm Thanh Hà
chucdanh_pho_thong_doc,ChucDanh,Phó Thống đốc,Phó Thống đốc,173460,gemini,0.95,PHÓ THỐNG ĐỐC
coquan_ngan_hang_nha_nuoc_viet_nam,CoQuan,Ngân hàng Nhà nước Việt Nam,Ngân hàng Nhà nước Việt Nam,173460,gemini,0.95,NGÂN HÀNG NHÀ NƯỚC VIỆT NAM
doituongapdung_cac_to_chuc_ca_nhan_co_lien_quan_den_viec_cap_giay_phep_lan_dau_cua_to_chuc_tin_dung_phi_ngan_hang,DoiTuongApDung,"Các tổ chức, cá nhân có liên quan đến việc cấp Giấy phép lần đầu của tổ chức tín dụng phi ngân hàng","Các tổ chức, cá nhân có liên quan đến việc cấp Giấy phép lần đầu của tổ chức tín dụng phi ngân hàng",173460,gemini,0.95,"3. Các tổ chức, cá nhân có liên quan đến việc cấp Giấy phép lần đầu của tổ chức tín dụng phi ngân hàng."
doituongapdung_cong_ty_tai_chinh_chuyen_nganh,DoiTuongApDung,Công ty tài chính chuyên ngành,Công ty tài chính chuyên ngành,173460,gemini,0.95,2. Công ty tài chính chuyên ngành.
doituongapdung_cong_ty_tai_chinh_tong_hop,DoiTuongApDung,Công ty tài chính tổng hợp,Công ty tài chính tổng hợp,173460,gemini,0.95,1. Công ty tài chính tổng hợp.
linhvuc_thanh_tra_giam_sat_ngan_hang,LinhVuc,"Thanh tra, giám sát ngân hàng","Thanh tra, giám sát ngân hàng",173460,gemini,0.9,"Theo đề nghị của Chánh Thanh tra, giám sát ngân hàng;"
nganh_ngan_hang,Nganh,Ngân hàng,Ngân hàng,173460,gemini,0.9,NGÂN HÀNG NHÀ NƯỚC
nguoiky_doan_thai_son,NguoiKy,Đoàn Thái Sơn,Đoàn Thái Sơn,173460,gemini,0.95,Đoàn Thái Sơn
chucdanh_pho_thong_doc,ChucDanh,Phó Thống đốc,Phó Thống đốc,173695,gemini,1.0,PHÓ THỐNG ĐỐC
coquan_ngan_hang_nha_nuoc_viet_nam,CoQuan,Ngân hàng Nhà nước Việt Nam,Ngân hàng Nhà nước Việt Nam,173695,gemini,1.0,NGÂN HÀNG NHÀ NƯỚC VIỆT NAM
doituongapdung_chi_nhanh_ngan_hang_nuoc_ngoai,DoiTuongApDung,Chi nhánh ngân hàng nước ngoài,Chi nhánh ngân hàng nước ngoài,173695,gemini,1.0,2. Chi nhánh ngân hàng nước ngoài.
doituongapdung_cac_to_chuc_ca_nhan_co_lien_quan_den_ho_so_thu_tuc_cap_giay_phep_lan_dau_cua_ngan_hang_thuong_mai_chi_nhanh_ngan_hang_nuoc_ngoai_va_van_phong_dai_dien_nuoc_ngoai,DoiTuongApDung,"Các tổ chức, cá nhân có liên quan đến hồ sơ, thủ tục cấp Giấy phép lần đầu của ngân hàng thương mại, chi nhánh ngân hàng nước ngoài và văn phòng đại diện nước ngoài","Các tổ chức, cá nhân có liên quan đến hồ sơ, thủ tục cấp Giấy phép lần đầu của ngân hàng thương mại, chi nhánh ngân hàng nước ngoài và văn phòng đại diện nước ngoài",173695,gemini,1.0,"4. Các tổ chức, cá nhân có liên quan đến hồ sơ, thủ tục cấp Giấy phép lần đầu của ngân hàng thương mại, chi nhánh ngân hàng nước ngoài và văn phòng đại diện nước ngoài."
doituongapdung_ngan_hang_thuong_mai,DoiTuongApDung,Ngân hàng thương mại,Ngân hàng thương mại,173695,gemini,1.0,1. Ngân hàng thương mại.
doituongapdung_van_phong_dai_dien_tai_viet_nam_cua_to_chuc_tin_dung_nuoc_ngoai_to_chuc_nuoc_ngoai_khac_co_hoat_dong_ngan_hang,DoiTuongApDung,"Văn phòng đại diện tại Việt Nam của tổ chức tín dụng nước ngoài, tổ chức nước ngoài khác có hoạt động ngân hàng","Văn phòng đại diện tại Việt Nam của tổ chức tín dụng nước ngoài, tổ chức nước ngoài khác có hoạt động ngân hàng",173695,gemini,1.0,"3. Văn phòng đại diện tại Việt Nam của tổ chức tín dụng nước ngoài, tổ chức nước ngoài khác có hoạt động ngân hàng (sau đây gọi là văn phòng đại diện nước ngoài)."
linhvuc_thanh_tra_giam_sat_ngan_hang,LinhVuc,"Thanh tra, giám sát ngân hàng","Thanh tra, giám sát ngân hàng",173695,gemini,0.9,"Theo đề nghị của Chánh Thanh tra, giám sát ngân hàng;"
nganh_ngan_hang,Nganh,Ngân hàng,Ngân hàng,173695,gemini,0.9,"ngân hàng thương mại, chi nhánh ngân hàng nước ngoài , văn phòng đại diện nước ngoài"
nguoiky_doan_thai_son,NguoiKy,Đoàn Thái Sơn,Đoàn Thái Sơn,173695,gemini,1.0,Đoàn Thái Sơn
chucdanh_pho_thong_doc,ChucDanh,Phó Thống đốc,Phó Thống đốc,174218,gemini,1.0,PHÓ THỐNG ĐỐC
coquan_ngan_hang_nha_nuoc_viet_nam,CoQuan,Ngân hàng Nhà nước Việt Nam,Ngân hàng Nhà nước Việt Nam,174218,gemini,1.0,NGÂN HÀNG NHÀ NƯỚC VIỆT NAM
doituongapdung_ngan_hang_thuong_mai,DoiTuongApDung,Ngân hàng thương mại,Ngân hàng thương mại,174218,gemini,1.0,a) Ngân hàng thương mại;
doituongapdung_to_chuc_tin_dung_phi_ngan_hang,DoiTuongApDung,Tổ chức tín dụng phi ngân hàng,Tổ chức tín dụng phi ngân hàng,174218,gemini,1.0,b) Tổ chức tín dụng phi ngân hàng bao gồm công ty tài chính tổng hợp và công ty tài chính chuyên ngành.
doituongapdung_to_chuc_ca_nhan_co_lien_quan_den_viec_to_chuc_lai_to_chuc_tin_dung,DoiTuongApDung,"Tổ chức, cá nhân có liên quan đến việc tổ chức lại tổ chức tín dụng","Tổ chức, cá nhân có liên quan đến việc tổ chức lại tổ chức tín dụng",174218,gemini,1.0,"2. Tổ chức, cá nhân có liên quan đến việc tổ chức lại tổ chức tín dụng."
linhvuc_thanh_tra_giam_sat_ngan_hang,LinhVuc,"Thanh tra, giám sát ngân hàng","Thanh tra, giám sát ngân hàng",174218,gemini,1.0,"Theo đề nghị của Chánh Thanh tra, giám sát ngân hàng;"
nganh_ngan_hang,Nganh,Ngân hàng,Ngân hàng,174218,gemini,1.0,"Quy định điều kiện, hồ sơ, thủ tục chấp thuận việc tổ chức lại ngân hàng thương mại, tổ chức tín dụng phi ngân hàng"
nguoiky_doan_thai_son,NguoiKy,Đoàn Thái Sơn,Đoàn Thái Sơn,174218,gemini,1.0,Đoàn Thái Sơn
chucdanh_pho_thong_doc,ChucDanh,Phó Thống đốc,Phó Thống đốc,177271,gemini,1.0,PHÓ THỐNG ĐỐC
coquan_ngan_hang_nha_nuoc_viet_nam,CoQuan,Ngân hàng Nhà nước Việt Nam,Ngân hàng Nhà nước Việt Nam,177271,gemini,1.0,NGÂN HÀNG NHÀ NƯỚC VIỆT NAM
doituongapdung_quy_tin_dung_nhan_dan,DoiTuongApDung,Quỹ tín dụng nhân dân,Quỹ tín dụng nhân dân,177271,gemini,1.0,1. Quỹ tín dụng nhân dân.
doituongapdung_to_chuc_ca_nhan_co_lien_quan_den_viec_cap_giay_phep_lan_dau_cap_doi_giay_phep_cua_quy_tin_dung_nhan_dan_cap_ban_sao_giay_phep_tu_so_goc,DoiTuongApDung,"Tổ chức, cá nhân có liên quan đến việc cấp Giấy phép lần đầu, cấp đổi Giấy phép của quỹ tín dụng nhân dân, cấp bản sao Giấy phép từ sổ gốc","Tổ chức, cá nhân có liên quan đến việc cấp Giấy phép lần đầu, cấp đổi Giấy phép của quỹ tín dụng nhân dân, cấp bản sao Giấy phép từ sổ gốc",177271,gemini,1.0,"2. Tổ chức, cá nhân có liên quan đến việc cấp Giấy phép lần đầu, cấp đổi Giấy phép của quỹ tín dụng nhân dân, cấp bản sao Giấy phép từ sổ gốc."
linhvuc_cuc_an_toan_he_thong_cac_to_chuc_tin_dung,LinhVuc,Cục An toàn hệ thống các tổ chức tín dụng,Cục An toàn hệ thống các tổ chức tín dụng,177271,gemini,1.0,Theo đề nghị của Cục trưởng Cục An toàn hệ thống các tổ chức tín dụng
nganh_ngan_hang,Nganh,Ngân hàng,Ngân hàng,177271,gemini,0.9,"Thống đốc Ngân hàng Nhà nước Việt Nam ban hành Thông tư quy định về cấp Giấy phép lần đầu, cấp đổi Giấy phép của quỹ tín dụng nhân dân."
nguoiky_doan_thai_son,NguoiKy,Đoàn Thái Sơn,Đoàn Thái Sơn,177271,gemini,1.0,Đoàn Thái Sơn
chucdanh_pho_thong_doc,ChucDanh,Phó Thống đốc,Phó Thống đốc,185630,gemini,1.0,PHÓ THỐNG ĐỐC
coquan_ngan_hang_nha_nuoc_viet_nam,CoQuan,Ngân hàng Nhà nước Việt Nam,Ngân hàng Nhà nước Việt Nam,185630,gemini,0.95,NGÂN HÀNG NHÀ NƯỚC VIỆT NAM
doituongapdung_ngan_hang_hop_tac_xa,DoiTuongApDung,Ngân hàng hợp tác xã,Ngân hàng hợp tác xã,185630,gemini,1.0,"Thủ trưởng các đơn vị thuộc Ngân hàng Nhà nước Việt Nam, ngân hàng hợp tác xã, quỹ tín dụng nhân dân có trách nhiệm tổ chức thực hiện Thông tư này./."
doituongapdung_quy_tin_dung_nhan_dan,DoiTuongApDung,Quỹ tín dụng nhân dân,Quỹ tín dụng nhân dân,185630,gemini,1.0,"Thủ trưởng các đơn vị thuộc Ngân hàng Nhà nước Việt Nam, ngân hàng hợp tác xã, quỹ tín dụng nhân dân có trách nhiệm tổ chức thực hiện Thông tư này./."
doituongapdung_thu_truong_cac_don_vi_thuoc_ngan_hang_nha_nuoc_viet_nam,DoiTuongApDung,Thủ trưởng các đơn vị thuộc Ngân hàng Nhà nước Việt Nam,Thủ trưởng các đơn vị thuộc Ngân hàng Nhà nước Việt Nam,185630,gemini,1.0,"Thủ trưởng các đơn vị thuộc Ngân hàng Nhà nước Việt Nam, ngân hàng hợp tác xã, quỹ tín dụng nhân dân có trách nhiệm tổ chức thực hiện Thông tư này./."
linhvuc_lao_dong_tien_luong_tien_cong,LinhVuc,"Lao động, tiền lương, tiền công","Lao động, tiền lương, tiền công",185630,gemini,0.8,"Thống đốc Ngân hàng Nhà nước Việt Nam ban hành Thông tư sửa đổi, bổ sung một số điều của một số Thông tư về quỹ tín dụng nhân dân."
nganh_lao_dong_thuong_binh_va_xa_hoi,Nganh,Lao động - Thương binh và Xã hội,Lao động - Thương binh và Xã hội,185630,gemini,0.8,"Thống đốc Ngân hàng Nhà nước Việt Nam ban hành Thông tư sửa đổi, bổ sung một số điều của một số Thông tư về quỹ tín dụng nhân dân."
nguoiky_doan_thai_son,NguoiKy,Đoàn Thái Sơn,Đoàn Thái Sơn,185630,gemini,1.0,Đoàn Thái Sơn
chucdanh_pho_thong_doc,ChucDanh,Phó Thống đốc,Phó Thống đốc,186482,gemini,1.0,PHÓ THỐNG ĐỐC (Đã ký) Đoàn Thái Sơn
coquan_ngan_hang_nha_nuoc_viet_nam,CoQuan,Ngân hàng Nhà nước Việt Nam,Ngân hàng Nhà nước Việt Nam,186482,gemini,0.95,Thống đốc Ngân hàng Nhà nước Việt Nam ban hành Thông tư
doituongapdung_chi_nhanh_ngan_hang_nuoc_ngoai,DoiTuongApDung,Chi nhánh ngân hàng nước ngoài,Chi nhánh ngân hàng nước ngoài,186482,gemini,0.95,"Thủ trưởng các đơn vị thuộc Ngân hàng Nhà nước Việt Nam, tổ chức tín dụng, chi nhánh ngân hàng nước ngoài, Công ty quản lý tài sản của các tổ chức tín dụng Việt Nam chịu trách nhiệm thực hiện Thông tư này."
doituongapdung_cong_ty_quan_ly_tai_san_cua_cac_to_chuc_tin_dung_viet_nam,DoiTuongApDung,Công ty quản lý tài sản của các tổ chức tín dụng Việt Nam,Công ty quản lý tài sản của các tổ chức tín dụng Việt Nam,186482,gemini,0.95,"Thủ trưởng các đơn vị thuộc Ngân hàng Nhà nước Việt Nam, tổ chức tín dụng, chi nhánh ngân hàng nước ngoài, Công ty quản lý tài sản của các tổ chức tín dụng Việt Nam chịu trách nhiệm thực hiện Thông tư này."
doituongapdung_thu_truong_cac_don_vi_thuoc_ngan_hang_nha_nuoc_viet_nam,DoiTuongApDung,Thủ trưởng các đơn vị thuộc Ngân hàng Nhà nước Việt Nam,Thủ trưởng các đơn vị thuộc Ngân hàng Nhà nước Việt Nam,186482,gemini,0.95,"Thủ trưởng các đơn vị thuộc Ngân hàng Nhà nước Việt Nam, tổ chức tín dụng, chi nhánh ngân hàng nước ngoài, Công ty quản lý tài sản của các tổ chức tín dụng Việt Nam chịu trách nhiệm thực hiện Thông tư này."
doituongapdung_to_chuc_tin_dung,DoiTuongApDung,Tổ chức tín dụng,Tổ chức tín dụng,186482,gemini,0.95,"Thủ trưởng các đơn vị thuộc Ngân hàng Nhà nước Việt Nam, tổ chức tín dụng, chi nhánh ngân hàng nước ngoài, Công ty quản lý tài sản của các tổ chức tín dụng Việt Nam chịu trách nhiệm thực hiện Thông tư này."
linhvuc_quan_ly_giam_sat_ngan_hang,LinhVuc,"Quản lý, giám sát ngân hàng","Quản lý, giám sát ngân hàng",186482,gemini,0.9,"trong lĩnh vực quản lý, giám sát ngân hàng liên quan đến cắt giảm điều kiện kinh doanh, đơn giản hóa thủ tục hành chính"
nganh_ngan_hang,Nganh,Ngân hàng,Ngân hàng,186482,gemini,0.9,Thống đốc Ngân hàng Nhà nước Việt Nam
nguoiky_doan_thai_son,NguoiKy,Đoàn Thái Sơn,Đoàn Thái Sơn,186482,gemini,1.0,PHÓ THỐNG ĐỐC (Đã ký) Đoàn Thái Sơn
chucdanh_pho_thong_doc,ChucDanh,Phó Thống đốc,Phó Thống đốc,186888,gemini,0.95,PHÓ THỐNG ĐỐC
coquan_ngan_hang_nha_nuoc_viet_nam,CoQuan,Ngân hàng Nhà nước Việt Nam,Ngân hàng Nhà nước Việt Nam,186888,gemini,0.95,NGÂN HÀNG NHÀ NƯỚC VIỆT NAM
doituongapdung_to_chuc_tai_chinh_vi_mo,DoiTuongApDung,Tổ chức tài chính vi mô,Tổ chức tài chính vi mô,186888,gemini,0.95,Tổ chức tài chính vi mô.
doituongapdung_to_chuc_tin_dung_la_hop_tac_xa,DoiTuongApDung,Tổ chức tín dụng là hợp tác xã,Tổ chức tín dụng là hợp tác xã,186888,gemini,0.95,"Tổ chức tín dụng là hợp tác xã bao gồm ngân hàng hợp tác xã, quỹ tín dụng nhân dân."
doituongapdung_to_chuc_ca_nhan_co_lien_quan_den_he_thong_kiem_soat_noi_bo_cua_to_chuc_tin_dung,DoiTuongApDung,"Tổ chức, cá nhân có liên quan đến hệ thống kiểm soát nội bộ của tổ chức tín dụng","Tổ chức, cá nhân có liên quan đến hệ thống kiểm soát nội bộ của tổ chức tín dụng",186888,gemini,0.95,"Tổ chức, cá nhân có liên quan đến hệ thống kiểm soát nội bộ của tổ chức tín dụng."
linhvuc_cuc_an_toan_he_thong_cac_to_chuc_tin_dung,LinhVuc,Cục An toàn hệ thống các tổ chức tín dụng,Cục An toàn hệ thống các tổ chức tín dụng,186888,gemini,0.9,Theo đề nghị của Cục trưởng Cục An toàn hệ thống các tổ chức tín dụng;
nganh_ngan_hang,Nganh,Ngân hàng,Ngân hàng,186888,gemini,0.9,NGÂN HÀNG NHÀ NƯỚC
nguoiky_doan_thai_son,NguoiKy,Đoàn Thái Sơn,Đoàn Thái Sơn,186888,gemini,0.95,Đoàn Thái Sơn
chucdanh_chu_tich_quoc_hoi,ChucDanh,Chủ tịch Quốc hội,Chủ tịch Quốc hội,25692,gemini,1.0,Chủ tịch Quốc hội
coquan_quoc_hoi,CoQuan,Quốc hội,Quốc hội,25692,gemini,1.0,Quốc hội ban hành Luật Ngân hàng Nhà nước Việt Nam.
doituongapdung_bo_co_quan_ngang_bo_uy_ban_nhan_dan_cac_cap,DoiTuongApDung,"Bộ, cơ quan ngang bộ, Uỷ ban nhân dân các cấp","Bộ, cơ quan ngang bộ, Uỷ ban nhân dân các cấp",25692,gemini,1.0,"Bộ, cơ quan ngang bộ, Uỷ ban nhân dân các cấp trong phạm vi nhiệm vụ, quyền hạn của mình phối hợp với Ngân hàng Nhà nước trong việc quản lý nhà nước về tiền tệ và ngân hàng."
doituongapdung_ngan_hang_nha_nuoc_viet_nam,DoiTuongApDung,Ngân hàng Nhà nước Việt Nam,Ngân hàng Nhà nước Việt Nam,25692,gemini,1.0,Luật này quy định về tổ chức và hoạt động của Ngân hàng Nhà nước Việt Nam.
doituongapdung_to_chuc_tin_dung,DoiTuongApDung,Tổ chức tín dụng,Tổ chức tín dụng,25692,gemini,0.9,bảo đảm an toàn hoạt động ngân hàng và hệ thống các tổ chức tín dụng
linhvuc_tien_te_va_ngan_hang,LinhVuc,Tiền tệ và ngân hàng,Tiền tệ và ngân hàng,25692,gemini,0.9,Luật này quy định về tổ chức và hoạt động của Ngân hàng Nhà nước Việt Nam.
nganh_ngan_hang,Nganh,Ngân hàng,Ngân hàng,25692,gemini,0.9,Xây dựng chiến lược phát triển ngành ngân hàng trình cơ quan nhà nước có thẩm quyền phê duyệt và tổ chức thực hiện.
nguoiky_nguyen_phu_trong,NguoiKy,Nguyễn Phú Trọng,Nguyễn Phú Trọng,25692,gemini,1.0,Nguyễn Phú Trọng
chucdanh_chu_tich_quoc_hoi,ChucDanh,Chủ tịch Quốc hội,Chủ tịch Quốc hội,26750,gemini,1.0,CHỦ TỊCH QUỐC HỘI
coquan_quoc_hoi,CoQuan,Quốc hội,Quốc hội,26750,gemini,1.0,QUỐC HỘI
doituongapdung_chi_nhanh_doanh_nghiep_kiem_toan_nuoc_ngoai_tai_viet_nam,DoiTuongApDung,chi nhánh doanh nghiệp kiểm toán nước ngoài tại Việt Nam,chi nhánh doanh nghiệp kiểm toán nước ngoài tại Việt Nam,26750,gemini,1.0,"Luật này áp dụng đối với kiểm toán viên, kiểm toán viên hành nghề, doanh nghiệp kiểm toán, chi nhánh doanh nghiệp kiểm toán nước ngoài tại Việt Nam, đơn vị được kiểm toán, tổ chức nghề nghiệp về kiểm toán và tổ chức, cá nhân khác có liên quan đến hoạt động kiểm toán độc lập."
doituongapdung_doanh_nghiep_kiem_toan,DoiTuongApDung,doanh nghiệp kiểm toán,doanh nghiệp kiểm toán,26750,gemini,1.0,"Luật này áp dụng đối với kiểm toán viên, kiểm toán viên hành nghề, doanh nghiệp kiểm toán, chi nhánh doanh nghiệp kiểm toán nước ngoài tại Việt Nam, đơn vị được kiểm toán, tổ chức nghề nghiệp về kiểm toán và tổ chức, cá nhân khác có liên quan đến hoạt động kiểm toán độc lập."
doituongapdung_kiem_toan_vien,DoiTuongApDung,kiểm toán viên,kiểm toán viên,26750,gemini,1.0,"Luật này áp dụng đối với kiểm toán viên, kiểm toán viên hành nghề, doanh nghiệp kiểm toán, chi nhánh doanh nghiệp kiểm toán nước ngoài tại Việt Nam, đơn vị được kiểm toán, tổ chức nghề nghiệp về kiểm toán và tổ chức, cá nhân khác có liên quan đến hoạt động kiểm toán độc lập."
doituongapdung_kiem_toan_vien_hanh_nghe,DoiTuongApDung,kiểm toán viên hành nghề,kiểm toán viên hành nghề,26750,gemini,1.0,"Luật này áp dụng đối với kiểm toán viên, kiểm toán viên hành nghề, doanh nghiệp kiểm toán, chi nhánh doanh nghiệp kiểm toán nước ngoài tại Việt Nam, đơn vị được kiểm toán, tổ chức nghề nghiệp về kiểm toán và tổ chức, cá nhân khác có liên quan đến hoạt động kiểm toán độc lập."
doituongapdung_to_chuc_nghe_nghiep_ve_kiem_toan,DoiTuongApDung,tổ chức nghề nghiệp về kiểm toán,tổ chức nghề nghiệp về kiểm toán,26750,gemini,1.0,"Luật này áp dụng đối với kiểm toán viên, kiểm toán viên hành nghề, doanh nghiệp kiểm toán, chi nhánh doanh nghiệp kiểm toán nước ngoài tại Việt Nam, đơn vị được kiểm toán, tổ chức nghề nghiệp về kiểm toán và tổ chức, cá nhân khác có liên quan đến hoạt động kiểm toán độc lập."
doituongapdung_to_chuc_ca_nhan_khac_co_lien_quan_den_hoat_dong_kiem_toan_doc_lap,DoiTuongApDung,"tổ chức, cá nhân khác có liên quan đến hoạt động kiểm toán độc lập","tổ chức, cá nhân khác có liên quan đến hoạt động kiểm toán độc lập",26750,gemini,1.0,"Luật này áp dụng đối với kiểm toán viên, kiểm toán viên hành nghề, doanh nghiệp kiểm toán, chi nhánh doanh nghiệp kiểm toán nước ngoài tại Việt Nam, đơn vị được kiểm toán, tổ chức nghề nghiệp về kiểm toán và tổ chức, cá nhân khác có liên quan đến hoạt động kiểm toán độc lập."
doituongapdung_don_vi_duoc_kiem_toan,DoiTuongApDung,đơn vị được kiểm toán,đơn vị được kiểm toán,26750,gemini,1.0,"Luật này áp dụng đối với kiểm toán viên, kiểm toán viên hành nghề, doanh nghiệp kiểm toán, chi nhánh doanh nghiệp kiểm toán nước ngoài tại Việt Nam, đơn vị được kiểm toán, tổ chức nghề nghiệp về kiểm toán và tổ chức, cá nhân khác có liên quan đến hoạt động kiểm toán độc lập."
linhvuc_kiem_toan_doc_lap,LinhVuc,Kiểm toán độc lập,Kiểm toán độc lập,26750,gemini,0.9,Luật Kiểm toán độc lập
nganh_tai_chinh,Nganh,Tài chính,Tài chính,26750,gemini,0.8,Bộ Tài chính
nguoiky_nguyen_phu_trong,NguoiKy,Nguyễn Phú Trọng,Nguyễn Phú Trọng,26750,gemini,1.0,Nguyễn Phú Trọng
chucdanh_pho_thong_doc,ChucDanh,Phó Thống đốc,Phó Thống đốc,27257,gemini,1.0,PHÓ THỐNG ĐỐC
coquan_ngan_hang_nha_nuoc_viet_nam,CoQuan,Ngân hàng Nhà nước Việt Nam,Ngân hàng Nhà nước Việt Nam,27257,gemini,0.95,NGÂN HÀNG NHÀ NƯỚC VIỆT NAM
doituongapdung_chi_nhanh_ngan_hang_nuoc_ngoai,DoiTuongApDung,Chi nhánh ngân hàng nước ngoài,Chi nhánh ngân hàng nước ngoài,27257,gemini,1.0,2. Chi nhánh ngân hàng nước ngoài;
doituongapdung_to_chuc_tin_dung,DoiTuongApDung,Tổ chức tín dụng,Tổ chức tín dụng,27257,gemini,1.0,1. Tổ chức tín dụng;
doituongapdung_to_chuc_ca_nhan_co_lien_quan_den_he_thong_kiem_soat_noi_bo_va_kiem_toan_noi_bo_cua_to_chuc_tin_dung_chi_nhanh_ngan_hang_nuoc_ngoai,DoiTuongApDung,"Tổ chức, cá nhân có liên quan đến hệ thống kiểm soát nội bộ và kiểm toán nội bộ của tổ chức tín dụng, chi nhánh ngân hàng nước ngoài","Tổ chức, cá nhân có liên quan đến hệ thống kiểm soát nội bộ và kiểm toán nội bộ của tổ chức tín dụng, chi nhánh ngân hàng nước ngoài",27257,gemini,1.0,"3. Tổ chức, cá nhân có liên quan đến hệ thống kiểm soát nội bộ và kiểm toán nội bộ của tổ chức tín dụng, chi nhánh ngân hàng nước ngoài."
linhvuc_ngan_hang,LinhVuc,Ngân hàng,Ngân hàng,27257,gemini,0.9,"tổ chức tín dụng, chi nhánh ngân hàng nước ngoài"
nganh_ngan_hang,Nganh,Ngân hàng,Ngân hàng,27257,gemini,0.9,NGÂN HÀNG NHÀ NƯỚC
nguoiky_tran_minh_tuan,NguoiKy,Trần Minh Tuấn,Trần Minh Tuấn,27257,gemini,1.0,Trần Minh Tuấn
chucdanh_thu_truong,ChucDanh,Thứ trưởng,Thứ trưởng,30402,gemini,1.0,THỨ TRƯỞNG
coquan_bo_tai_chinh,CoQuan,Bộ Tài chính,Bộ Tài chính,30402,gemini,1.0,BỘ TÀI CHÍNH
doituongapdung_doanh_nghiep_kiem_toan_chi_nhanh_doanh_nghiep_kiem_toan_nuoc_ngoai_tai_viet_nam,DoiTuongApDung,"Doanh nghiệp kiểm toán, chi nhánh doanh nghiệp kiểm toán nước ngoài tại Việt Nam","Doanh nghiệp kiểm toán, chi nhánh doanh nghiệp kiểm toán nước ngoài tại Việt Nam",30402,gemini,1.0,"2. Doanh nghiệp kiểm toán, chi nhánh doanh nghiệp kiểm toán nước ngoài tại Việt Nam (sau đây gọi chung là doanh nghiệp kiểm toán)."
doituongapdung_kiem_toan_vien_dang_ky_hanh_nghe_tai_doanh_nghiep_kiem_toan_chi_nhanh_doanh_nghiep_kiem_toan_nuoc_ngoai_tai_viet_nam,DoiTuongApDung,"Kiểm toán viên đăng ký hành nghề tại doanh nghiệp kiểm toán, chi nhánh doanh nghiệp kiểm toán nước ngoài tại Việt Nam","Kiểm toán viên đăng ký hành nghề tại doanh nghiệp kiểm toán, chi nhánh doanh nghiệp kiểm toán nước ngoài tại Việt Nam",30402,gemini,1.0,"1. Kiểm toán viên đăng ký hành nghề tại doanh nghiệp kiểm toán, chi nhánh doanh nghiệp kiểm toán nước ngoài tại Việt Nam."
doituongapdung_to_chuc_ca_nhan_co_lien_quan_den_viec_dang_ky_quan_ly_va_cong_khai_danh_sach_kiem_toan_vien_hanh_nghe_kiem_toan,DoiTuongApDung,"Tổ chức, cá nhân có liên quan đến việc đăng ký, quản lý và công khai danh sách kiểm toán viên hành nghề kiểm toán","Tổ chức, cá nhân có liên quan đến việc đăng ký, quản lý và công khai danh sách kiểm toán viên hành nghề kiểm toán",30402,gemini,1.0,"3. Tổ chức, cá nhân có liên quan đến việc đăng ký, quản lý và công khai danh sách kiểm toán viên hành nghề kiểm toán."
linhvuc_quan_ly_dich_vu_tai_chinh_va_cac_quy_tai_chinh,LinhVuc,Quản lý dịch vụ tài chính và các quỹ tài chính,Quản lý dịch vụ tài chính và các quỹ tài chính,30402,gemini,0.8,"Hướng dẫn về đăng ký, quản lý và công khai danh sách kiểm toán viên hành nghề kiểm toán"
nguoiky_tran_xuan_ha,NguoiKy,Trần Xuân Hà,Trần Xuân Hà,30402,gemini,1.0,Trần Xuân Hà
chucdanh_pho_thong_doc,ChucDanh,Phó Thống đốc,Phó Thống đốc,38128,gemini,1.0,PHÓ THỐNG ĐỐC
coquan_ngan_hang_nha_nuoc_viet_nam,CoQuan,Ngân hàng Nhà nước Việt Nam,Ngân hàng Nhà nước Việt Nam,38128,gemini,1.0,NGÂN HÀNG NHÀ NƯỚC VIỆT NAM
doituongapdung_cac_don_vi_co_lien_quan_thuoc_ngan_hang_nha_nuoc,DoiTuongApDung,Các đơn vị có liên quan thuộc Ngân hàng Nhà nước,Các đơn vị có liên quan thuộc Ngân hàng Nhà nước,38128,gemini,1.0,1. Các đơn vị có liên quan thuộc Ngân hàng Nhà nước.
doituongapdung_nha_may_in_tien_quoc_gia,DoiTuongApDung,Nhà máy in tiền Quốc gia,Nhà máy in tiền Quốc gia,38128,gemini,1.0,2. Nhà máy in tiền Quốc gia.
doituongapdung_to_chuc_ca_nhan_khac_co_lien_quan_den_cong_viec_thiet_ke_mau_tien_che_tao_ban_in_khuon_duc_va_in_duc_tien,DoiTuongApDung,"Tổ chức, cá nhân khác có liên quan đến công việc thiết kế mẫu tiền, chế tạo bản in, khuôn đúc và in, đúc tiền","Tổ chức, cá nhân khác có liên quan đến công việc thiết kế mẫu tiền, chế tạo bản in, khuôn đúc và in, đúc tiền",38128,gemini,1.0,"3. Tổ chức, cá nhân khác có liên quan đến công việc thiết kế mẫu tiền, chế tạo bản in, khuôn đúc và in, đúc tiền."
linhvuc_phat_hanh_va_kho_quy,LinhVuc,Phát hành và kho quỹ,Phát hành và kho quỹ,38128,gemini,0.9,Theo đề nghị của Cục trưởng Cục Phát hành và Kho quỹ;
nganh_ngan_hang,Nganh,Ngân hàng,Ngân hàng,38128,gemini,0.9,"trong hệ thống Ngân hàng Nhà nước, tổ chức tín dụng và chi nhánh ngân hàng nước ngoài"
nguoiky_dao_minh_tu,NguoiKy,Đào Minh Tú,Đào Minh Tú,38128,gemini,1.0,Đào Minh Tú
chucdanh_pho_thong_doc,ChucDanh,Phó Thống đốc,Phó Thống đốc,44209,gemini,1.0,PHÓ THỐNG ĐỐC
coquan_ngan_hang_nha_nuoc_viet_nam,CoQuan,Ngân hàng Nhà nước Việt Nam,Ngân hàng Nhà nước Việt Nam,44209,gemini,0.95,NGÂN HÀNG NHÀ NƯỚC VIỆT NAM
doituongapdung_chi_nhanh_ngan_hang_nuoc_ngoai,DoiTuongApDung,Chi nhánh ngân hàng nước ngoài,Chi nhánh ngân hàng nước ngoài,44209,gemini,1.0,"2. Tổ chức tín dụng, chi nhánh ngân hàng nước ngoài."
doituongapdung_khach_hang_trong_quan_he_giao_dich_tien_mat_tai_san_quy_giay_to_co_gia,DoiTuongApDung,"Khách hàng trong quan hệ giao dịch tiền mặt, tài sản quý, giấy tờ có giá","Khách hàng trong quan hệ giao dịch tiền mặt, tài sản quý, giấy tờ có giá",44209,gemini,1.0,"3. Khách hàng trong quan hệ giao dịch tiền mặt, tài sản quý, giấy tờ có giá với Ngân hàng Nhà nước, tổ chức tín dụng, chi nhánh ngân hàng nước ngoài."
doituongapdung_ngan_hang_nha_nuoc_viet_nam,DoiTuongApDung,Ngân hàng Nhà nước Việt Nam,Ngân hàng Nhà nước Việt Nam,44209,gemini,1.0,1. Ngân hàng Nhà nước Việt Nam (sau đây gọi tắt là Ngân hàng Nhà nước).
doituongapdung_to_chuc_tin_dung,DoiTuongApDung,Tổ chức tín dụng,Tổ chức tín dụng,44209,gemini,1.0,"2. Tổ chức tín dụng, chi nhánh ngân hàng nước ngoài."
linhvuc_phat_hanh_va_kho_quy,LinhVuc,Phát hành và kho quỹ,Phát hành và kho quỹ,44209,gemini,0.9,Theo đề nghị của Cục trưởng Cục Phát hành và Kho quỹ;
nganh_ngan_hang,Nganh,Ngân hàng,Ngân hàng,44209,gemini,0.95,trong ngành Ngân hàng;
nguoiky_dao_minh_tu,NguoiKy,Đào Minh Tú,Đào Minh Tú,44209,gemini,1.0,Đào Minh Tú
chucdanh_pho_thong_doc,ChucDanh,Phó Thống đốc,Phó Thống đốc,6e689cd0-6f81-11f1-94d6-fd5d6d5ff793,gemini,1.0,PHÓ THỐNG ĐỐC
coquan_ngan_hang_nha_nuoc_viet_nam,CoQuan,Ngân hàng Nhà nước Việt Nam,Ngân hàng Nhà nước Việt Nam,6e689cd0-6f81-11f1-94d6-fd5d6d5ff793,gemini,0.95,NGÂN HÀNG NHÀ NƯỚC VIỆT NAM
doituongapdung_chi_nhanh_ngan_hang_nuoc_ngoai,DoiTuongApDung,Chi nhánh ngân hàng nước ngoài,Chi nhánh ngân hàng nước ngoài,6e689cd0-6f81-11f1-94d6-fd5d6d5ff793,gemini,1.0,2. Chi nhánh ngân hàng nước ngoài.
doituongapdung_cac_to_chuc_ca_nhan_co_lien_quan_den_ho_so_thu_tuc_cap_giay_phep_lan_dau_cua_ngan_hang_thuong_mai_chi_nhanh_ngan_hang_nuoc_ngoai_va_van_phong_dai_dien_nuoc_ngoai,DoiTuongApDung,"Các tổ chức, cá nhân có liên quan đến hồ sơ, thủ tục cấp Giấy phép lần đầu của ngân hàng thương mại, chi nhánh ngân hàng nước ngoài và văn phòng đại diện nước ngoài","Các tổ chức, cá nhân có liên quan đến hồ sơ, thủ tục cấp Giấy phép lần đầu của ngân hàng thương mại, chi nhánh ngân hàng nước ngoài và văn phòng đại diện nước ngoài",6e689cd0-6f81-11f1-94d6-fd5d6d5ff793,gemini,1.0,"4. Các tổ chức, cá nhân có liên quan đến hồ sơ, thủ tục cấp Giấy phép lần đầu của ngân hàng thương mại, chi nhánh ngân hàng nước ngoài và văn phòng đại diện nước ngoài."
doituongapdung_ngan_hang_thuong_mai,DoiTuongApDung,Ngân hàng thương mại,Ngân hàng thương mại,6e689cd0-6f81-11f1-94d6-fd5d6d5ff793,gemini,1.0,1. Ngân hàng thương mại.
doituongapdung_van_phong_dai_dien_nuoc_ngoai,DoiTuongApDung,Văn phòng đại diện nước ngoài,Văn phòng đại diện nước ngoài,6e689cd0-6f81-11f1-94d6-fd5d6d5ff793,gemini,1.0,"3. Văn phòng đại diện tại Việt Nam của tổ chức tín dụng nước ngoài, tổ chức nước ngoài khác có hoạt động ngân hàng (sau đây gọi là văn phòng đại diện nước ngoài)."
nganh_ngan_hang,Nganh,Ngân hàng,Ngân hàng,6e689cd0-6f81-11f1-94d6-fd5d6d5ff793,gemini,0.9,"Thống đốc Ngân hàng Nhà nước Việt Nam phân cấp thực hiện thủ tục hành chính trong lĩnh vực thông tin tín dụng và sửa đổi, bổ sung một số điều của các Thông tư liên quan đến cắt giảm, đơn giản hóa, phân cấp thực hiện thủ tục hành chính trong lĩnh vực thành lập và hoạt động ngân hàng"
nguoiky_doan_thai_son,NguoiKy,Đoàn Thái Sơn,Đoàn Thái Sơn,6e689cd0-6f81-11f1-94d6-fd5d6d5ff793,gemini,1.0,PHÓ THỐNG ĐỐC Đoàn Thái Sơn
chucdanh_thu_tuong_chinh_phu,ChucDanh,Thủ tướng Chính phủ,Thủ tướng Chính phủ,95652,gemini,1.0,THỦ TƯỚNG CHÍNH PHỦ
coquan_chinh_phu,CoQuan,Chính phủ,Chính phủ,95652,gemini,1.0,CHÍNH PHỦ
doituongapdung_ca_nhan_co_quoc_tich_viet_nam,DoiTuongApDung,Cá nhân có quốc tịch Việt Nam,Cá nhân có quốc tịch Việt Nam,95652,gemini,1.0,Cá nhân có quốc tịch Việt Nam thuộc đối tượng được tham gia chương trình thưởng cổ phiếu phát hành ở nước ngoài.
doituongapdung_cac_co_quan_quan_ly_nha_nuoc,DoiTuongApDung,Các cơ quan quản lý nhà nước,Các cơ quan quản lý nhà nước,95652,gemini,1.0,Các cơ quan quản lý nhà nước tham gia quản lý hoạt động đầu tư gián tiếp ra nước ngoài theo quy định tại Nghị định này.
doituongapdung_cac_to_chuc_ca_nhan_khac_co_lien_quan,DoiTuongApDung,"Các tổ chức, cá nhân khác có liên quan","Các tổ chức, cá nhân khác có liên quan",95652,gemini,1.0,"Các tổ chức, cá nhân khác có liên quan đến hoạt động đầu tư gián tiếp ra nước ngoài."
doituongapdung_to_chuc_kinh_te,DoiTuongApDung,Tổ chức kinh tế,Tổ chức kinh tế,95652,gemini,1.0,Tổ chức kinh tế theo quy định tại Khoản 16 Điều 3 Luật Đầu tư
linhvuc_dau_tu,LinhVuc,Đầu tư,Đầu tư,95652,gemini,0.8,Q uy định về đầu tư gián tiếp ra nước ngoài
nganh_ngan_hang,Nganh,Ngân hàng,Ngân hàng,95652,gemini,0.9,"Theo đề nghị của Thố ng đốc Ngân hàng Nhà nước Việt Nam,"
nguoiky_nguyen_tan_dung,NguoiKy,Nguyễn Tấn Dũng,Nguyễn Tấn Dũng,95652,gemini,1.0,Nguyễn Tấn Dũng
chucdanh_thu_truong,ChucDanh,Thứ trưởng,Thứ trưởng,f69936f0-6937-11f1-a48d-29bc6b0fd706,gemini,1.0,THỨ TRƯỞNG
coquan_bo_tai_chinh,CoQuan,Bộ Tài chính,Bộ Tài chính,f69936f0-6937-11f1-a48d-29bc6b0fd706,gemini,1.0,BỘ TÀI CHÍNH
doituongapdung_cong_ty_chung_khoan_cong_ty_quan_ly_quy_dau_tu_chung_khoan,DoiTuongApDung,"Công ty chứng khoán, công ty quản lý quỹ đầu tư chứng khoán","Công ty chứng khoán, công ty quản lý quỹ đầu tư chứng khoán",f69936f0-6937-11f1-a48d-29bc6b0fd706,gemini,1.0,"g) Công ty chứng khoán, công ty quản lý quỹ đầu tư chứng khoán, chi nhánh, văn phòng đại diện công ty chứng khoán, công ty quản lý quỹ nước ngoài tại Việt Nam, công ty đầu tư chứng khoán;"
doituongapdung_cong_ty_dai_chung,DoiTuongApDung,Công ty đại chúng,Công ty đại chúng,f69936f0-6937-11f1-a48d-29bc6b0fd706,gemini,1.0,a) Công ty đại chúng;
doituongapdung_doanh_nghiep_nha_nuoc,DoiTuongApDung,Doanh nghiệp nhà nước,Doanh nghiệp nhà nước,f69936f0-6937-11f1-a48d-29bc6b0fd706,gemini,1.0,"b) Doanh nghiệp nhà nước, công ty trách nhiệm hữu hạn một thành viên do doanh nghiệp nhà nước nắm giữ 100% vốn điều lệ, đơn vị sự nghiệp công lập cổ phần hóa dưới hình thức chào bán chứng khoán ra công chúng;"
doituongapdung_ngan_hang_thuong_mai_chi_nhanh_ngan_hang_nuoc_ngoai_tai_viet_nam,DoiTuongApDung,"Ngân hàng thương mại, chi nhánh ngân hàng nước ngoài tại Việt Nam","Ngân hàng thương mại, chi nhánh ngân hàng nước ngoài tại Việt Nam",f69936f0-6937-11f1-a48d-29bc6b0fd706,gemini,1.0,"k) Ngân hàng thương mại, chi nhánh ngân hàng nước ngoài tại Việt Nam thực hiện hoạt động lưu ký, bù trừ, thanh toán giao dịch chứng khoán, ngân hàng giám sát;"
doituongapdung_so_giao_dich_chung_khoan_viet_nam_va_cong_ty_con,DoiTuongApDung,Sở giao dịch chứng khoán Việt Nam và công ty con,Sở giao dịch chứng khoán Việt Nam và công ty con,f69936f0-6937-11f1-a48d-29bc6b0fd706,gemini,1.0,h) Sở giao dịch chứng khoán Việt Nam và công ty con; Tổng công ty lưu ký và bù trừ chứng khoán Việt Nam và công ty con;
doituongapdung_to_chuc_kiem_toan_duoc_chap_thuan,DoiTuongApDung,Tổ chức kiểm toán được chấp thuận,Tổ chức kiểm toán được chấp thuận,f69936f0-6937-11f1-a48d-29bc6b0fd706,gemini,1.0,đ) Tổ chức kiểm toán được chấp thuận;
doituongapdung_to_chuc_niem_yet_to_chuc_dang_ky_giao_dich,DoiTuongApDung,"Tổ chức niêm yết, tổ chức đăng ký giao dịch","Tổ chức niêm yết, tổ chức đăng ký giao dịch",f69936f0-6937-11f1-a48d-29bc6b0fd706,gemini,1.0,"d) Tổ chức niêm yết, tổ chức đăng ký giao dịch; tổ chức tư vấn niêm yết, đăng ký giao dịch;"
doituongapdung_to_chuc_phat_hanh,DoiTuongApDung,Tổ chức phát hành,Tổ chức phát hành,f69936f0-6937-11f1-a48d-29bc6b0fd706,gemini,1.0,c) Tổ chức phát hành;
doituongapdung_to_chuc_ca_nhan_viet_nam,DoiTuongApDung,"Tổ chức, cá nhân Việt Nam","Tổ chức, cá nhân Việt Nam",f69936f0-6937-11f1-a48d-29bc6b0fd706,gemini,1.0,"Tổ chức, cá nhân Việt Nam và tổ chức, cá nhân nước ngoài (sau đây gọi chung là Tổ chức, cá nhân) thực hiện hành vi vi phạm hành chính trong lĩnh vực chứng khoán và thị trường chứng khoán quy định tại Nghị định này."
doituongapdung_to_chuc_ca_nhan_nuoc_ngoai,DoiTuongApDung,"Tổ chức, cá nhân nước ngoài","Tổ chức, cá nhân nước ngoài",f69936f0-6937-11f1-a48d-29bc6b0fd706,gemini,1.0,"Tổ chức, cá nhân Việt Nam và tổ chức, cá nhân nước ngoài (sau đây gọi chung là Tổ chức, cá nhân) thực hiện hành vi vi phạm hành chính trong lĩnh vực chứng khoán và thị trường chứng khoán quy định tại Nghị định này."
linhvuc_chung_khoan_va_thi_truong_chung_khoan,LinhVuc,Chứng khoán và thị trường chứng khoán,Chứng khoán và thị trường chứng khoán,f69936f0-6937-11f1-a48d-29bc6b0fd706,gemini,1.0,Quy định xử phạt vi phạm hành chính trong lĩnh vực chứng khoán và thị trường chứng khoán
nganh_tai_chinh,Nganh,Tài chính,Tài chính,f69936f0-6937-11f1-a48d-29bc6b0fd706,gemini,0.9,BỘ TÀI CHÍNH
nguoiky_nguyen_duc_chi,NguoiKy,Nguyễn Đức Chi,Nguyễn Đức Chi,f69936f0-6937-11f1-a48d-29bc6b0fd706,gemini,1.0,Nguyễn Đức Chi
