source,target,relationship_type,method,confidence,evidence
95652,doituongapdung_cac_to_chuc_ca_nhan_khac_co_lien_quan,AP_DUNG_CHO,gemini,1.0,"Các tổ chức, cá nhân khác có liên quan đến hoạt động đầu tư gián tiếp ra nước ngoài."
95652,doituongapdung_cac_co_quan_quan_ly_nha_nuoc,AP_DUNG_CHO,gemini,1.0,Các cơ quan quản lý nhà nước tham gia quản lý hoạt động đầu tư gián tiếp ra nước ngoài theo quy định tại Nghị định này.
95652,doituongapdung_ca_nhan_co_quoc_tich_viet_nam,AP_DUNG_CHO,gemini,1.0,Cá nhân có quốc tịch Việt Nam thuộc đối tượng được tham gia chương trình thưởng cổ phiếu phát hành ở nước ngoài.
95652,coquan_chinh_phu,BAN_HANH_BOI,gemini,1.0,CHÍNH PHỦ
6e689cd0-6f81-11f1-94d6-fd5d6d5ff793,nguoiky_doan_thai_son,KY_BOI,gemini,1.0,PHÓ THỐNG ĐỐC Đoàn Thái Sơn
6e689cd0-6f81-11f1-94d6-fd5d6d5ff793,doituongapdung_van_phong_dai_dien_nuoc_ngoai,AP_DUNG_CHO,gemini,1.0,"3. Văn phòng đại diện tại Việt Nam của tổ chức tín dụng nước ngoài, tổ chức nước ngoài khác có hoạt động ngân hàng (sau đây gọi là văn phòng đại diện nước ngoài)."
6e689cd0-6f81-11f1-94d6-fd5d6d5ff793,doituongapdung_ngan_hang_thuong_mai,AP_DUNG_CHO,gemini,1.0,1. Ngân hàng thương mại.
6e689cd0-6f81-11f1-94d6-fd5d6d5ff793,doituongapdung_cac_to_chuc_ca_nhan_co_lien_quan_den_ho_so_thu_tuc_cap_giay_phep_lan_dau_cua_ngan_hang_thuong_mai_chi_nhanh_ngan_hang_nuoc_ngoai_va_van_phong_dai_dien_nuoc_ngoai,AP_DUNG_CHO,gemini,1.0,"4. Các tổ chức, cá nhân có liên quan đến hồ sơ, thủ tục cấp Giấy phép lần đầu của ngân hàng thương mại, chi nhánh ngân hàng nước ngoài và văn phòng đại diện nước ngoài."
6e689cd0-6f81-11f1-94d6-fd5d6d5ff793,doituongapdung_chi_nhanh_ngan_hang_nuoc_ngoai,AP_DUNG_CHO,gemini,1.0,2. Chi nhánh ngân hàng nước ngoài.
44209,nguoiky_dao_minh_tu,KY_BOI,gemini,1.0,Đào Minh Tú
44209,doituongapdung_to_chuc_tin_dung,AP_DUNG_CHO,gemini,1.0,"2. Tổ chức tín dụng, chi nhánh ngân hàng nước ngoài."
44209,doituongapdung_ngan_hang_nha_nuoc_viet_nam,AP_DUNG_CHO,gemini,1.0,1. Ngân hàng Nhà nước Việt Nam (sau đây gọi tắt là Ngân hàng Nhà nước).
44209,doituongapdung_khach_hang_trong_quan_he_giao_dich_tien_mat_tai_san_quy_giay_to_co_gia,AP_DUNG_CHO,gemini,1.0,"3. Khách hàng trong quan hệ giao dịch tiền mặt, tài sản quý, giấy tờ có giá với Ngân hàng Nhà nước, tổ chức tín dụng, chi nhánh ngân hàng nước ngoài."
44209,doituongapdung_chi_nhanh_ngan_hang_nuoc_ngoai,AP_DUNG_CHO,gemini,1.0,"2. Tổ chức tín dụng, chi nhánh ngân hàng nước ngoài."
163441,112025,SUA_DOI_BO_SUNG,rule,1.0,"a) Nghị định số 73/2016/NĐ-CP ngày 01 tháng 7 năm 2016 của Chính phủ quy định chi tiết thi hành Luật Kinh doanh bảo hiểm và Luật sửa đổi, bổ sung một số điều của Luật Kinh doanh bảo hiểm, trừ các Điều 10, 61, 62, 63, 64, 65, 66, 67."
f69936f0-6937-11f1-a48d-29bc6b0fd706,146468,SUA_DOI_BO_SUNG,rule,1.0,"Nghị định số 156/2020/NĐ-CP ngày 31 tháng 12 năm 2020 của Chính phủ quy định xử phạt vi phạm hành chính trong lĩnh vực chứng khoán và thị trường chứng khoán, có hiệu lực thi hành kể từ ngày 01 tháng 01 năm 2021, được sửa đổi, bổ sung bởi:"
169221,44209,SUA_DOI_BO_SUNG,rule,1.0,"Thay thế, bổ sung và bãi bỏ một số quy định của Thông tư số 01/2014/TT-NHNN"
27257,25692,THAM_CHIEU,rule,1.0,Căn cứ Luật Ngân hàng Nhà nước Việt Nam số 46/2010/QH12 ngày 16 tháng 6 năm 2010;
30402,26750,THAM_CHIEU,rule,1.0,Căn cứ Luật Kiểm toán độc lập số 67/2011/QH12 ngày 29 tháng 3 năm 2011;
143217,133858,THAM_CHIEU,rule,1.0,Thông tư này áp dụng đối với các doanh nghiệp quy định tại khoản 1 Điều 10 Nghị định số 05/2019/NĐ-CP ngày 22 tháng 01 năm 2019 của Chính phủ về kiếm toán nội bộ.
186482,166170,SUA_DOI_BO_SUNG,rule,1.0,"Căn cứ Luật Các tổ chức tín dụng số 32/2024/QH15 được sửa đổi, bổ sung bởi Luật số 96/2025/QH15;"
186482,25692,THAM_CHIEU,rule,1.0,Căn cứ Luật Ngân hàng Nhà nước Việt Nam số 46/2010/QH12;
117310,164719,THAY_THE_BOI,rule,1.0,"Thay thế Phụ lục 01, Phụ lục 02, Phụ lục 03, Phụ lục 04 và Phụ lục 06 của Thông tư số 41/2016/TT-NHNN bằng Phụ lục 01, Phụ lục 02, Phụ lục 03, Phụ lục 04 và Phụ lục 06 ban hành kèm theo Thông tư này."
164719,117310,SUA_DOI_BO_SUNG,rule,1.0,"Sửa đổi, bổ sung một số điều của Thông tư số  41/2016/TT-NHNN ngày 30 tháng 12 năm 2016 của Thống đốc Ngân hàng Nhà nước Việt Nam quy định tỷ lệ an toàn vốn đối với ngân hàng, chi nhánh ngân hàng nước ngoài"
150974,133858,THAM_CHIEU,rule,1.0,"Chuẩn mực kiểm toán nội bộ Việt Nam và các nguyên tắc đạo đức nghề nghiệp kiểm toán nội bộ áp dụng đối với các doanh nghiệp, cơ quan nhà nước, đơn vị sự nghiệp công lập quy định tại Điều 8, Điều 9, Điều 10 Nghị định số 05/2019/NĐ-CP ngày 22 tháng 01 năm 2019 của Chính phủ về kiểm toán nội bộ và các tổ chức cá nhân có liên quan trong hoạt động kiểm toán nội bộ của các đơn vị này."
112924,95652,THAM_CHIEU,rule,1.0,"Ngoài các từ ngữ đã được giải thích trong Nghị định số 135/2015/NĐ-CP ngày 31/12/2015 của Chính phủ quy định về đầu tư gián tiếp ra nước ngoài (sau đây gọi là Nghị định số 135/2015/NĐ-CP ), trong Thông tư này, các từ ngữ dưới đây được hiểu như sau:"
186482,174218,SUA_DOI_BO_SUNG,rule,1.0,"SỬA ĐỔI, BỔ SUNG MỘT SỐ ĐIỀU CỦA THÔNG TƯ SỐ 62/2024/TT-NHNN CỦA THỐNG ĐỐC NGÂN HÀNG NHÀ NƯỚC VIỆT NAM QUY ĐỊNH VỀ ĐIỀU KIỆN, HỒ SƠ, THỦ TỤC CHẤP THUẬN VIỆC TỔ CHỨC LẠI NGÂN HÀNG THƯƠNG MẠI, TỔ CHỨC TÍN DỤNG PHI NGÂN HÀNG"
185630,166269,THAM_CHIEU,rule,1.0,Căn cứ Luật Hợp tác xã số 17/2023/QH15;
185630,166170,SUA_DOI_BO_SUNG,rule,1.0,"Căn cứ Luật Các tổ chức tín dụng số 32/2024/QH15 được sửa đổi, bổ sung bởi Luật số 96/2025/QH15;"
185630,25692,THAM_CHIEU,rule,1.0,Căn cứ Luật Ngân hàng Nhà nước Việt Nam số 46/2010/QH12;
6e689cd0-6f81-11f1-94d6-fd5d6d5ff793,173695,THAM_CHIEU,rule,1.0,"(Ban hành kèm theo Thông tư số 56/2024/TT-NHNN ngày 24 tháng 12 năm 2024 của Thống đốc Ngân hàng Nhà nước Việt Nam quy định hồ sơ, thủ tục cấp Giấy phép lần đầu của ngân hàng thương mại, chi nhánh ngân hàng nước ngoài, văn phòng đại diện nước ngoài)"
6e689cd0-6f81-11f1-94d6-fd5d6d5ff793,173695,SUA_DOI_BO_SUNG,rule,1.0,"Thông tư số 56/2024/TT-NHNN ngày 24 tháng 12 năm 2024 của Thống đốc Ngân hàng Nhà nước Việt Nam quy định hồ sơ, thủ tục cấp Giấy phép lần đầu của ngân hàng thương mại, chi nhánh ngân hàng nước ngoài, văn phòng đại diện nước ngoài, có hiệu lực kể từ ngày 24 tháng 12 năm 2024 được sửa đổi, bổ sung bởi:"
186888,27257,SUA_DOI_BO_SUNG,rule,1.0,"Thông tư này bãi bỏ Thông tư số 44/2011/TT-NHNN ngày 29 tháng 12 năm 2011 của Thống đốc Ngân hàng Nhà nước Việt Nam quy định về hệ thống kiểm soát nội bộ và kiểm toán nội bộ của tổ chức tín dụng, chi nhánh ngân hàng nước ngoài."
186888,166170,SUA_DOI_BO_SUNG,rule,1.0,"Căn cứ Luật Các tổ chức tín dụng số 32/2024/QH15 được sửa đổi, bổ sung bởi Luật số 96/2025/QH15;"
186888,25692,THAM_CHIEU,rule,1.0,Căn cứ Luật Ngân hàng Nhà nước Việt Nam số 46/2010/QH12;
44209,25692,THAM_CHIEU,rule,1.0,Căn cứ Luật Ngân hàng Nhà nước Việt Nam số 46/2010/QH12 ngày 16 tháng 6 năm 2010;
117310,25692,THAM_CHIEU,rule,1.0,Căn cứ Luật Ngân hàng Nhà nước Việt Nam số 46/2010/QH12 ngày 16 tháng 6 năm 2010;
185630,177271,SUA_DOI_BO_SUNG,rule,1.0,"Bổ sung cụm từ “Mã định danh tổ chức (nếu có)” sau cụm từ “Tên viết tắt bằng tiếng Anh (nếu có)” tại phần “Tên quỹ tín dụng nhân dân” tại Phụ lục số 01, 02, 03, 07, 08 ban hành kèm theo Thông tư số 01/2025/TT-NHNN."
185630,168859,SUA_DOI_BO_SUNG,rule,1.0,"SỬA ĐỔI, BỔ SUNG MỘT SỐ ĐIỀU CỦA THÔNG TƯ SỐ 29/2024/TT-NHNN QUY ĐỊNH VỀ QUỸ TÍN DỤNG NHÂN DÂN"
112924,coquan_bo_tai_chinh,BAN_HANH_BOI,gemini,1.0,BỘ TÀI CHÍNH
112025,nguoiky_nguyen_xuan_phuc,KY_BOI,gemini,1.0,Nguyễn Xuân Phúc
112025,doituongapdung_dai_ly_bao_hiem,AP_DUNG_CHO,gemini,1.0,"c) Doanh nghiệp môi giới bảo hiểm, đại lý bảo hiểm;"
112025,doituongapdung_doanh_nghiep_moi_gioi_bao_hiem,AP_DUNG_CHO,gemini,1.0,"c) Doanh nghiệp môi giới bảo hiểm, đại lý bảo hiểm;"
112025,doituongapdung_doanh_nghiep_bao_hiem,AP_DUNG_CHO,gemini,1.0,a) Doanh nghiệp bảo hiểm;
112025,doituongapdung_cac_to_chuc_ca_nhan_khac_co_lien_quan,AP_DUNG_CHO,gemini,1.0,"d) Các tổ chức, cá nhân khác có liên quan."
112025,doituongapdung_chi_nhanh_nuoc_ngoai,AP_DUNG_CHO,gemini,1.0,b) Chi nhánh nước ngoài;
112025,coquan_chinh_phu,BAN_HANH_BOI,gemini,1.0,CHÍNH PHỦ
133858,doituongapdung_uy_ban_nhan_dan_cac_tinh_thanh_pho_truc_thuoc_trung_uong,AP_DUNG_CHO,gemini,1.0,"b) Ủy ban nhân dân các tỉnh, thành phố trực thuộc trung ương;"
133858,doituongapdung_cac_don_vi_su_nghiep_cong_lap,AP_DUNG_CHO,gemini,1.0,c) Các đơn vị sự nghiệp công lập;
133858,doituongapdung_cac_to_chuc_ca_nhan_khac_co_lien_quan_den_hoat_dong_kiem_toan_noi_bo,AP_DUNG_CHO,gemini,1.0,"đ) Các tổ chức, cá nhân khác có liên quan đến hoạt động kiểm toán nội bộ."
133858,doituongapdung_cac_doanh_nghiep,AP_DUNG_CHO,gemini,1.0,d) Các doanh nghiệp;
133858,doituongapdung_cac_bo_co_quan_ngang_bo_co_quan_thuoc_chinh_phu,AP_DUNG_CHO,gemini,1.0,"a) Các bộ, cơ quan ngang bộ, cơ quan thuộc Chính phủ;"
133858,coquan_chinh_phu,BAN_HANH_BOI,gemini,1.0,CHÍNH PHỦ
117310,nguoiky_nguyen_dong_tien,KY_BOI,gemini,1.0,Nguyễn Đồng Tiến
117310,doituongapdung_ngan_hang,AP_DUNG_CHO,gemini,1.0,"a) Ngân hàng: Ngân hàng thương mại nhà nước, ngân hàng thương mại cổ phần, ngân hàng liên doanh, ngân hàng 100% vốn nước ngoài;"
117310,doituongapdung_chi_nhanh_ngan_hang_nuoc_ngoai,AP_DUNG_CHO,gemini,1.0,b) Chi nhánh ngân hàng nước ngoài.
117310,coquan_ngan_hang_nha_nuoc_viet_nam,BAN_HANH_BOI,gemini,1.0,NGÂN HÀNG NHÀ NƯỚC VIỆT NAM
112924,nguoiky_tran_xuan_ha,KY_BOI,gemini,1.0,Trần Xuân Hà
112924,doituongapdung_to_chuc_kinh_doanh_chung_khoan,AP_DUNG_CHO,gemini,1.0,"Thông tư này áp dụng đối với tổ chức kinh doanh chứng khoán, quỹ đầu tư chứng khoán, công ty đầu tư chứng khoán, doanh nghiệp kinh doanh bảo hiểm và các cơ quan, tổ chức, cá nhân có liên quan đến hoạt động đầu tư gián tiếp ra nước ngoài."
112924,doituongapdung_quy_dau_tu_chung_khoan,AP_DUNG_CHO,gemini,1.0,"Thông tư này áp dụng đối với tổ chức kinh doanh chứng khoán, quỹ đầu tư chứng khoán, công ty đầu tư chứng khoán, doanh nghiệp kinh doanh bảo hiểm và các cơ quan, tổ chức, cá nhân có liên quan đến hoạt động đầu tư gián tiếp ra nước ngoài."
112924,doituongapdung_doanh_nghiep_kinh_doanh_bao_hiem,AP_DUNG_CHO,gemini,1.0,"Thông tư này áp dụng đối với tổ chức kinh doanh chứng khoán, quỹ đầu tư chứng khoán, công ty đầu tư chứng khoán, doanh nghiệp kinh doanh bảo hiểm và các cơ quan, tổ chức, cá nhân có liên quan đến hoạt động đầu tư gián tiếp ra nước ngoài."
112924,doituongapdung_cong_ty_dau_tu_chung_khoan,AP_DUNG_CHO,gemini,1.0,"Thông tư này áp dụng đối với tổ chức kinh doanh chứng khoán, quỹ đầu tư chứng khoán, công ty đầu tư chứng khoán, doanh nghiệp kinh doanh bảo hiểm và các cơ quan, tổ chức, cá nhân có liên quan đến hoạt động đầu tư gián tiếp ra nước ngoài."
146468,doituongapdung_to_chuc_ca_nhan_viet_nam,AP_DUNG_CHO,gemini,1.0,"Tổ chức, cá nhân Việt Nam và tổ chức, cá nhân nước ngoài (sau đây gọi chung là tổ chức, cá nhân) thực hiện hành vi vi phạm hành chính trong lĩnh vực chứng khoán và thị trường chứng khoán quy định tại Nghị định này."
146468,doituongapdung_to_chuc_phat_hanh,AP_DUNG_CHO,gemini,1.0,c) Tổ chức phát hành;
146468,doituongapdung_to_chuc_niem_yet_to_chuc_dang_ky_giao_dich,AP_DUNG_CHO,gemini,1.0,"d) Tổ chức niêm yết, tổ chức đăng ký giao dịch; tổ chức tư vấn niêm yết, đăng ký giao dịch;"
146468,doituongapdung_to_chuc_kiem_toan_duoc_chap_thuan,AP_DUNG_CHO,gemini,1.0,đ) Tổ chức kiểm toán được chấp thuận;
146468,doituongapdung_so_giao_dich_chung_khoan_viet_nam,AP_DUNG_CHO,gemini,1.0,"h) Sở giao dịch chứng khoán Việt Nam và công ty con, Tổng công ty lưu ký và bù trừ chứng khoán Việt Nam;"
146468,doituongapdung_ngan_hang_thuong_mai,AP_DUNG_CHO,gemini,1.0,"k) Ngân hàng thương mại, chi nhánh ngân hàng nước ngoài tại Việt Nam thực hiện hoạt động lưu ký, bù trừ, thanh toán giao dịch chứng khoán; ngân hàng giám sát;"
146468,doituongapdung_doanh_nghiep_nha_nuoc,AP_DUNG_CHO,gemini,1.0,"b) Doanh nghiệp nhà nước, công ty trách nhiệm hữu hạn một thành viên do doanh nghiệp nhà nước nắm giữ 100% vốn điều lệ, đơn vị sự nghiệp công lập cổ phần hóa dưới hình thức chào bán chứng khoán ra công chúng;"
146468,doituongapdung_cong_ty_dai_chung,AP_DUNG_CHO,gemini,1.0,a) Công ty đại chúng;
146468,doituongapdung_cong_ty_chung_khoan_cong_ty_quan_ly_quy_dau_tu_chung_khoan,AP_DUNG_CHO,gemini,1.0,"g) Công ty chứng khoán, công ty quản lý quỹ đầu tư chứng khoán, chi nhánh, văn phòng đại diện công ty chứng khoán, công ty quản lý quỹ nước ngoài tại Việt Nam, công ty đầu tư chứng khoán;"
146468,coquan_chinh_phu,BAN_HANH_BOI,gemini,1.0,CHÍNH PHỦ
143217,nguoiky_do_hoang_anh_tuan,KY_BOI,gemini,1.0,Đỗ Hoàng Anh Tuấn
143217,doituongapdung_cac_doanh_nghiep_quy_dinh_tai_khoan_1_dieu_10_nghi_dinh_so_05_2019_nd_cp_ngay_22_thang_01_nam_2019_cua_chinh_phu_ve_kiem_toan_noi_bo,AP_DUNG_CHO,gemini,1.0,Thông tư này áp dụng đối với các doanh nghiệp quy định tại khoản 1 Điều 10 Nghị định số 05/2019/NĐ-CP ngày 22 tháng 01 năm 2019 của Chính phủ về kiếm toán nội bộ.
143217,doituongapdung_cac_doanh_nghiep_khong_thuoc_quy_dinh_tai_khoan_1_dieu_nay,AP_DUNG_CHO,gemini,1.0,Các doanh nghiệp không thuộc quy định tại khoản 1 Điều này được khuyến khích xây dựng Quy chế kiểm toán nội bộ trên cơ sở tham chiếu mẫu Quy chế kiểm toán nội bộ ban hành kèm theo Thông tư này.
143217,coquan_bo_tai_chinh,BAN_HANH_BOI,gemini,1.0,BỘ TÀI CHÍNH
133858,nguoiky_nguyen_xuan_phuc,KY_BOI,gemini,1.0,Nguyễn Xuân Phúc
163441,doituongapdung_doanh_nghiep_bao_hiem_nhan_tho,AP_DUNG_CHO,gemini,1.0,"Doanh nghiệp bảo hiểm phi nhân thọ, doanh nghiệp bảo hiểm nhân thọ, doanh nghiệp bảo hiểm sức khỏe (sau đây gọi là doanh nghiệp bảo hiểm), doanh nghiệp tái bảo hiểm, đại lý bảo hiểm, doanh nghiệp môi giới bảo hiểm, tổ chức, cá nhân cung cấp dịch vụ phụ trợ bảo hiểm, tổ chức tương hỗ cung cấp bảo hiểm vi mô."
163441,doituongapdung_co_quan_quan_ly_nha_nuoc_ve_hoat_dong_kinh_doanh_bao_hiem,AP_DUNG_CHO,gemini,1.0,Cơ quan quản lý nhà nước về hoạt động kinh doanh bảo hiểm.
163441,doituongapdung_chi_nhanh_doanh_nghiep_tai_bao_hiem_nuoc_ngoai,AP_DUNG_CHO,gemini,1.0,"Chi nhánh doanh nghiệp bảo hiểm phi nhân thọ nước ngoài, chi nhánh doanh nghiệp tái bảo hiểm nước ngoài (sau đây gọi là chi nhánh nước ngoài tại Việt Nam); Văn phòng đại diện của doanh nghiệp bảo hiểm nước ngoài, doanh nghiệp tái bảo hiểm nước ngoài, doanh nghiệp môi giới bảo hiểm nước ngoài, tập đoàn tài chính, bảo hiểm nước ngoài tại Việt Nam (sau đây gọi là văn phòng đại diện nước ngoài tại Việt Nam)."
163441,doituongapdung_chi_nhanh_doanh_nghiep_bao_hiem_phi_nhan_tho_nuoc_ngoai,AP_DUNG_CHO,gemini,1.0,"Chi nhánh doanh nghiệp bảo hiểm phi nhân thọ nước ngoài, chi nhánh doanh nghiệp tái bảo hiểm nước ngoài (sau đây gọi là chi nhánh nước ngoài tại Việt Nam); Văn phòng đại diện của doanh nghiệp bảo hiểm nước ngoài, doanh nghiệp tái bảo hiểm nước ngoài, doanh nghiệp môi giới bảo hiểm nước ngoài, tập đoàn tài chính, bảo hiểm nước ngoài tại Việt Nam (sau đây gọi là văn phòng đại diện nước ngoài tại Việt Nam)."
163441,doituongapdung_ben_mua_bao_hiem,AP_DUNG_CHO,gemini,1.0,"Bên mua bảo hiểm, người được bảo hiểm, người thụ hưởng"
163441,coquan_chinh_phu,BAN_HANH_BOI,gemini,1.0,CHÍNH PHỦ
150974,nguoiky_ta_anh_tuan,KY_BOI,gemini,1.0,Tạ Anh Tuấn
150974,doituongapdung_don_vi_su_nghiep_cong_lap,AP_DUNG_CHO,gemini,1.0,"áp dụng đối với các doanh nghiệp, cơ quan nhà nước, đơn vị sự nghiệp công lập quy định tại Điều 8, Điều 9, Điều 10 Nghị định số 05/2019/NĐ-CP"
150974,doituongapdung_co_quan_nha_nuoc,AP_DUNG_CHO,gemini,1.0,"áp dụng đối với các doanh nghiệp, cơ quan nhà nước, đơn vị sự nghiệp công lập quy định tại Điều 8, Điều 9, Điều 10 Nghị định số 05/2019/NĐ-CP"
150974,doituongapdung_cac_to_chuc_ca_nhan_co_lien_quan_trong_hoat_dong_kiem_toan_noi_bo_cua_cac_don_vi_nay,AP_DUNG_CHO,gemini,1.0,và các tổ chức cá nhân có liên quan trong hoạt động kiểm toán nội bộ của các đơn vị này
150974,doituongapdung_cac_doanh_nghiep,AP_DUNG_CHO,gemini,1.0,"áp dụng đối với các doanh nghiệp, cơ quan nhà nước, đơn vị sự nghiệp công lập quy định tại Điều 8, Điều 9, Điều 10 Nghị định số 05/2019/NĐ-CP"
150974,coquan_bo_tai_chinh,BAN_HANH_BOI,gemini,1.0,BỘ TÀI CHÍNH
146468,nguoiky_nguyen_xuan_phuc,KY_BOI,gemini,1.0,Nguyễn Xuân Phúc
146468,linhvuc_chung_khoan,THUOC_LINH_VUC,gemini,1.0,trong lĩnh vực chứng khoán và thị trường chứng khoán
146468,doituongapdung_to_chuc_ca_nhan_nuoc_ngoai,AP_DUNG_CHO,gemini,1.0,"Tổ chức, cá nhân Việt Nam và tổ chức, cá nhân nước ngoài (sau đây gọi chung là tổ chức, cá nhân) thực hiện hành vi vi phạm hành chính trong lĩnh vực chứng khoán và thị trường chứng khoán quy định tại Nghị định này."
164719,doituongapdung_ngan_hang,AP_DUNG_CHO,gemini,1.0,"Thủ trưởng các đơn vị thuộc Ngân hàng Nhà nước, ngân hàng, chi nhánh ngân hàng nước ngoài chịu trách nhiệm tổ chức thực hiện Thông tư này."
164719,doituongapdung_chi_nhanh_ngan_hang_nuoc_ngoai,AP_DUNG_CHO,gemini,1.0,"Thủ trưởng các đơn vị thuộc Ngân hàng Nhà nước, ngân hàng, chi nhánh ngân hàng nước ngoài chịu trách nhiệm tổ chức thực hiện Thông tư này."
164719,coquan_ngan_hang_nha_nuoc_viet_nam,BAN_HANH_BOI,gemini,1.0,NGÂN HÀNG NHÀ NƯỚC VIỆT NAM
163441,nguoiky_le_minh_khai,KY_BOI,gemini,1.0,Lê Minh Khái
163441,linhvuc_bao_hiem,THUOC_LINH_VUC,gemini,1.0,Luật Kinh doanh bảo hiểm
163441,doituongapdung_dai_ly_bao_hiem,AP_DUNG_CHO,gemini,1.0,"Doanh nghiệp bảo hiểm phi nhân thọ, doanh nghiệp bảo hiểm nhân thọ, doanh nghiệp bảo hiểm sức khỏe (sau đây gọi là doanh nghiệp bảo hiểm), doanh nghiệp tái bảo hiểm, đại lý bảo hiểm, doanh nghiệp môi giới bảo hiểm, tổ chức, cá nhân cung cấp dịch vụ phụ trợ bảo hiểm, tổ chức tương hỗ cung cấp bảo hiểm vi mô."
163441,doituongapdung_van_phong_dai_dien_cua_doanh_nghiep_bao_hiem_nuoc_ngoai,AP_DUNG_CHO,gemini,1.0,"Chi nhánh doanh nghiệp bảo hiểm phi nhân thọ nước ngoài, chi nhánh doanh nghiệp tái bảo hiểm nước ngoài (sau đây gọi là chi nhánh nước ngoài tại Việt Nam); Văn phòng đại diện của doanh nghiệp bảo hiểm nước ngoài, doanh nghiệp tái bảo hiểm nước ngoài, doanh nghiệp môi giới bảo hiểm nước ngoài, tập đoàn tài chính, bảo hiểm nước ngoài tại Việt Nam (sau đây gọi là văn phòng đại diện nước ngoài tại Việt Nam)."
163441,doituongapdung_to_chuc_ca_nhan_cung_cap_dich_vu_phu_tro_bao_hiem,AP_DUNG_CHO,gemini,1.0,"Doanh nghiệp bảo hiểm phi nhân thọ, doanh nghiệp bảo hiểm nhân thọ, doanh nghiệp bảo hiểm sức khỏe (sau đây gọi là doanh nghiệp bảo hiểm), doanh nghiệp tái bảo hiểm, đại lý bảo hiểm, doanh nghiệp môi giới bảo hiểm, tổ chức, cá nhân cung cấp dịch vụ phụ trợ bảo hiểm, tổ chức tương hỗ cung cấp bảo hiểm vi mô."
163441,doituongapdung_to_chuc_va_ca_nhan_co_lien_quan_den_hoat_dong_kinh_doanh_bao_hiem,AP_DUNG_CHO,gemini,1.0,Tổ chức và cá nhân có liên quan đến hoạt động kinh doanh bảo hiểm.
163441,doituongapdung_to_chuc_tuong_ho_cung_cap_bao_hiem_vi_mo,AP_DUNG_CHO,gemini,1.0,"Doanh nghiệp bảo hiểm phi nhân thọ, doanh nghiệp bảo hiểm nhân thọ, doanh nghiệp bảo hiểm sức khỏe (sau đây gọi là doanh nghiệp bảo hiểm), doanh nghiệp tái bảo hiểm, đại lý bảo hiểm, doanh nghiệp môi giới bảo hiểm, tổ chức, cá nhân cung cấp dịch vụ phụ trợ bảo hiểm, tổ chức tương hỗ cung cấp bảo hiểm vi mô."
163441,doituongapdung_nguoi_duoc_bao_hiem,AP_DUNG_CHO,gemini,1.0,"Bên mua bảo hiểm, người được bảo hiểm, người thụ hưởng"
163441,doituongapdung_nguoi_thu_huong,AP_DUNG_CHO,gemini,1.0,"Bên mua bảo hiểm, người được bảo hiểm, người thụ hưởng"
163441,doituongapdung_doanh_nghiep_tai_bao_hiem,AP_DUNG_CHO,gemini,1.0,"Doanh nghiệp bảo hiểm phi nhân thọ, doanh nghiệp bảo hiểm nhân thọ, doanh nghiệp bảo hiểm sức khỏe (sau đây gọi là doanh nghiệp bảo hiểm), doanh nghiệp tái bảo hiểm, đại lý bảo hiểm, doanh nghiệp môi giới bảo hiểm, tổ chức, cá nhân cung cấp dịch vụ phụ trợ bảo hiểm, tổ chức tương hỗ cung cấp bảo hiểm vi mô."
163441,doituongapdung_doanh_nghiep_moi_gioi_bao_hiem,AP_DUNG_CHO,gemini,1.0,"Doanh nghiệp bảo hiểm phi nhân thọ, doanh nghiệp bảo hiểm nhân thọ, doanh nghiệp bảo hiểm sức khỏe (sau đây gọi là doanh nghiệp bảo hiểm), doanh nghiệp tái bảo hiểm, đại lý bảo hiểm, doanh nghiệp môi giới bảo hiểm, tổ chức, cá nhân cung cấp dịch vụ phụ trợ bảo hiểm, tổ chức tương hỗ cung cấp bảo hiểm vi mô."
163441,doituongapdung_doanh_nghiep_bao_hiem_suc_khoe,AP_DUNG_CHO,gemini,1.0,"Doanh nghiệp bảo hiểm phi nhân thọ, doanh nghiệp bảo hiểm nhân thọ, doanh nghiệp bảo hiểm sức khỏe (sau đây gọi là doanh nghiệp bảo hiểm), doanh nghiệp tái bảo hiểm, đại lý bảo hiểm, doanh nghiệp môi giới bảo hiểm, tổ chức, cá nhân cung cấp dịch vụ phụ trợ bảo hiểm, tổ chức tương hỗ cung cấp bảo hiểm vi mô."
163441,doituongapdung_doanh_nghiep_bao_hiem_phi_nhan_tho,AP_DUNG_CHO,gemini,1.0,"Doanh nghiệp bảo hiểm phi nhân thọ, doanh nghiệp bảo hiểm nhân thọ, doanh nghiệp bảo hiểm sức khỏe (sau đây gọi là doanh nghiệp bảo hiểm), doanh nghiệp tái bảo hiểm, đại lý bảo hiểm, doanh nghiệp môi giới bảo hiểm, tổ chức, cá nhân cung cấp dịch vụ phụ trợ bảo hiểm, tổ chức tương hỗ cung cấp bảo hiểm vi mô."
166269,nguoiky_vuong_dinh_hue,KY_BOI,gemini,1.0,Vương Đình Huệ
166269,doituongapdung_to_hop_tac_hop_tac_xa_lien_hiep_hop_tac_xa,AP_DUNG_CHO,gemini,1.0,"1. Tổ hợp tác, hợp tác xã, liên hiệp hợp tác xã."
166269,doituongapdung_thanh_vien_cua_to_hop_tac_hop_tac_xa_lien_hiep_hop_tac_xa,AP_DUNG_CHO,gemini,1.0,"2. Thành viên của tổ hợp tác, hợp tác xã, liên hiệp hợp tác xã."
166269,doituongapdung_co_quan_to_chuc_ca_nhan_co_lien_quan_den_thanh_lap_to_chuc_quan_ly_to_chuc_lai_giai_the_pha_san_va_hoat_dong_co_lien_quan_cua_to_hop_tac_hop_tac_xa_lien_hiep_hop_tac_xa,AP_DUNG_CHO,gemini,1.0,"3. Cơ quan, tổ chức, cá nhân có liên quan đến thành lập, tổ chức quản lý, tổ chức lại, giải thể, phá sản và hoạt động có liên quan của tổ hợp tác, hợp tác xã, liên hiệp hợp tác xã."
166269,coquan_quoc_hoi,BAN_HANH_BOI,gemini,1.0,QUỐC HỘI
166170,nguoiky_vuong_dinh_hue,KY_BOI,gemini,1.0,Vương Đình Huệ
166170,doituongapdung_van_phong_dai_dien_tai_viet_nam_cua_to_chuc_tin_dung_nuoc_ngoai_to_chuc_nuoc_ngoai_khac_co_hoat_dong_ngan_hang,AP_DUNG_CHO,gemini,1.0,"3. Văn phòng đại diện tại Việt Nam của tổ chức tín dụng nước ngoài, tổ chức nước ngoài khác có hoạt động ngân hàng (sau đây gọi là văn phòng đại diện nước ngoài)."
166170,doituongapdung_to_chuc_tin_dung,AP_DUNG_CHO,gemini,1.0,1. Tổ chức tín dụng.
166170,doituongapdung_to_chuc_ma_nha_nuoc_so_huu_100_von_dieu_le_co_chuc_nang_mua_ban_xu_ly_no,AP_DUNG_CHO,gemini,1.0,"4. Tổ chức mà Nhà nước sở hữu 100% vốn điều lệ có chức năng mua, bán, xử lý nợ (sau đây gọi là tổ chức mua bán, xử lý nợ)."
166170,doituongapdung_co_quan_to_chuc_ca_nhan_co_lien_quan,AP_DUNG_CHO,gemini,1.0,"5. Cơ quan, tổ chức, cá nhân có liên quan đến việc thành lập, tổ chức, hoạt động, can thiệp sớm, kiểm soát đặc biệt, tổ chức lại, giải thể, phá sản tổ chức tín dụng..."
166170,doituongapdung_chi_nhanh_ngan_hang_nuoc_ngoai,AP_DUNG_CHO,gemini,1.0,2. Chi nhánh ngân hàng nước ngoài.
166170,coquan_quoc_hoi,BAN_HANH_BOI,gemini,1.0,QUỐC HỘI
164719,nguoiky_doan_thai_son,KY_BOI,gemini,1.0,Đoàn Thái Sơn
164719,linhvuc_thanh_tra_giam_sat_ngan_hang,THUOC_LINH_VUC,gemini,1.0,"Theo đề nghị của Chánh Thanh tra, giám sát ngân hàng;"
164719,doituongapdung_ngan_hang_nha_nuoc_viet_nam,AP_DUNG_CHO,gemini,1.0,"Thủ trưởng các đơn vị thuộc Ngân hàng Nhà nước, ngân hàng, chi nhánh ngân hàng nước ngoài chịu trách nhiệm tổ chức thực hiện Thông tư này."
168859,nguoiky_dao_minh_tu,KY_BOI,gemini,1.0,Đào Minh Tú
168859,doituongapdung_to_chuc_ca_nhan_co_lien_quan_den_quan_tri_dieu_hanh_to_chuc_va_hoat_dong_cua_quy_tin_dung_nhan_dan,AP_DUNG_CHO,gemini,1.0,"3. Tổ chức, cá nhân có liên quan đến quản trị, điều hành, tổ chức và hoạt động của quỹ tín dụng nhân dân."
168859,doituongapdung_quy_tin_dung_nhan_dan,AP_DUNG_CHO,gemini,1.0,1. Quỹ tín dụng nhân dân.
168859,doituongapdung_ngan_hang_hop_tac_xa,AP_DUNG_CHO,gemini,1.0,2. Ngân hàng hợp tác xã.
168220,nguoiky_dao_minh_tu,KY_BOI,gemini,1.0,Đào Minh Tú
168220,doituongapdung_to_chuc_ca_nhan_co_lien_quan_den_pham_vi_dieu_chinh_quy_dinh_tai_dieu_1_thong_tu_nay,AP_DUNG_CHO,gemini,1.0,"3. Tổ chức, cá nhân có liên quan đến phạm vi điều chỉnh quy định tại Điều 1 Thông tư này."
168220,doituongapdung_quy_tin_dung_nhan_dan,AP_DUNG_CHO,gemini,1.0,2. Quỹ tín dụng nhân dân.
168220,doituongapdung_ngan_hang_hop_tac_xa,AP_DUNG_CHO,gemini,1.0,1. Ngân hàng hợp tác xã.
174218,coquan_ngan_hang_nha_nuoc_viet_nam,BAN_HANH_BOI,gemini,1.0,NGÂN HÀNG NHÀ NƯỚC VIỆT NAM
173695,nguoiky_doan_thai_son,KY_BOI,gemini,1.0,Đoàn Thái Sơn
173695,doituongapdung_van_phong_dai_dien_tai_viet_nam_cua_to_chuc_tin_dung_nuoc_ngoai_to_chuc_nuoc_ngoai_khac_co_hoat_dong_ngan_hang,AP_DUNG_CHO,gemini,1.0,"3. Văn phòng đại diện tại Việt Nam của tổ chức tín dụng nước ngoài, tổ chức nước ngoài khác có hoạt động ngân hàng (sau đây gọi là văn phòng đại diện nước ngoài)."
173695,doituongapdung_ngan_hang_thuong_mai,AP_DUNG_CHO,gemini,1.0,1. Ngân hàng thương mại.
173695,doituongapdung_cac_to_chuc_ca_nhan_co_lien_quan_den_ho_so_thu_tuc_cap_giay_phep_lan_dau_cua_ngan_hang_thuong_mai_chi_nhanh_ngan_hang_nuoc_ngoai_va_van_phong_dai_dien_nuoc_ngoai,AP_DUNG_CHO,gemini,1.0,"4. Các tổ chức, cá nhân có liên quan đến hồ sơ, thủ tục cấp Giấy phép lần đầu của ngân hàng thương mại, chi nhánh ngân hàng nước ngoài và văn phòng đại diện nước ngoài."
173695,doituongapdung_chi_nhanh_ngan_hang_nuoc_ngoai,AP_DUNG_CHO,gemini,1.0,2. Chi nhánh ngân hàng nước ngoài.
173695,coquan_ngan_hang_nha_nuoc_viet_nam,BAN_HANH_BOI,gemini,1.0,NGÂN HÀNG NHÀ NƯỚC VIỆT NAM
169221,nguoiky_pham_thanh_ha,KY_BOI,gemini,1.0,Phạm Thanh Hà
38128,nguoiky_dao_minh_tu,KY_BOI,gemini,1.0,Đào Minh Tú
38128,doituongapdung_to_chuc_ca_nhan_khac_co_lien_quan_den_cong_viec_thiet_ke_mau_tien_che_tao_ban_in_khuon_duc_va_in_duc_tien,AP_DUNG_CHO,gemini,1.0,"3. Tổ chức, cá nhân khác có liên quan đến công việc thiết kế mẫu tiền, chế tạo bản in, khuôn đúc và in, đúc tiền."
38128,doituongapdung_nha_may_in_tien_quoc_gia,AP_DUNG_CHO,gemini,1.0,2. Nhà máy in tiền Quốc gia.
38128,doituongapdung_cac_don_vi_co_lien_quan_thuoc_ngan_hang_nha_nuoc,AP_DUNG_CHO,gemini,1.0,1. Các đơn vị có liên quan thuộc Ngân hàng Nhà nước.
38128,coquan_ngan_hang_nha_nuoc_viet_nam,BAN_HANH_BOI,gemini,1.0,NGÂN HÀNG NHÀ NƯỚC VIỆT NAM
30402,nguoiky_tran_xuan_ha,KY_BOI,gemini,1.0,Trần Xuân Hà
30402,doituongapdung_to_chuc_ca_nhan_co_lien_quan_den_viec_dang_ky_quan_ly_va_cong_khai_danh_sach_kiem_toan_vien_hanh_nghe_kiem_toan,AP_DUNG_CHO,gemini,1.0,"3. Tổ chức, cá nhân có liên quan đến việc đăng ký, quản lý và công khai danh sách kiểm toán viên hành nghề kiểm toán."
30402,doituongapdung_kiem_toan_vien_dang_ky_hanh_nghe_tai_doanh_nghiep_kiem_toan_chi_nhanh_doanh_nghiep_kiem_toan_nuoc_ngoai_tai_viet_nam,AP_DUNG_CHO,gemini,1.0,"1. Kiểm toán viên đăng ký hành nghề tại doanh nghiệp kiểm toán, chi nhánh doanh nghiệp kiểm toán nước ngoài tại Việt Nam."
30402,doituongapdung_doanh_nghiep_kiem_toan_chi_nhanh_doanh_nghiep_kiem_toan_nuoc_ngoai_tai_viet_nam,AP_DUNG_CHO,gemini,1.0,"2. Doanh nghiệp kiểm toán, chi nhánh doanh nghiệp kiểm toán nước ngoài tại Việt Nam (sau đây gọi chung là doanh nghiệp kiểm toán)."
30402,coquan_bo_tai_chinh,BAN_HANH_BOI,gemini,1.0,BỘ TÀI CHÍNH
27257,nguoiky_tran_minh_tuan,KY_BOI,gemini,1.0,Trần Minh Tuấn
27257,doituongapdung_to_chuc_ca_nhan_co_lien_quan_den_he_thong_kiem_soat_noi_bo_va_kiem_toan_noi_bo_cua_to_chuc_tin_dung_chi_nhanh_ngan_hang_nuoc_ngoai,AP_DUNG_CHO,gemini,1.0,"3. Tổ chức, cá nhân có liên quan đến hệ thống kiểm soát nội bộ và kiểm toán nội bộ của tổ chức tín dụng, chi nhánh ngân hàng nước ngoài."
185630,nguoiky_doan_thai_son,KY_BOI,gemini,1.0,Đoàn Thái Sơn
185630,doituongapdung_thu_truong_cac_don_vi_thuoc_ngan_hang_nha_nuoc_viet_nam,AP_DUNG_CHO,gemini,1.0,"Thủ trưởng các đơn vị thuộc Ngân hàng Nhà nước Việt Nam, ngân hàng hợp tác xã, quỹ tín dụng nhân dân có trách nhiệm tổ chức thực hiện Thông tư này./."
185630,doituongapdung_quy_tin_dung_nhan_dan,AP_DUNG_CHO,gemini,1.0,"Thủ trưởng các đơn vị thuộc Ngân hàng Nhà nước Việt Nam, ngân hàng hợp tác xã, quỹ tín dụng nhân dân có trách nhiệm tổ chức thực hiện Thông tư này./."
185630,doituongapdung_ngan_hang_hop_tac_xa,AP_DUNG_CHO,gemini,1.0,"Thủ trưởng các đơn vị thuộc Ngân hàng Nhà nước Việt Nam, ngân hàng hợp tác xã, quỹ tín dụng nhân dân có trách nhiệm tổ chức thực hiện Thông tư này./."
177271,nguoiky_doan_thai_son,KY_BOI,gemini,1.0,Đoàn Thái Sơn
177271,linhvuc_cuc_an_toan_he_thong_cac_to_chuc_tin_dung,THUOC_LINH_VUC,gemini,1.0,Theo đề nghị của Cục trưởng Cục An toàn hệ thống các tổ chức tín dụng
177271,doituongapdung_to_chuc_ca_nhan_co_lien_quan_den_viec_cap_giay_phep_lan_dau_cap_doi_giay_phep_cua_quy_tin_dung_nhan_dan_cap_ban_sao_giay_phep_tu_so_goc,AP_DUNG_CHO,gemini,1.0,"2. Tổ chức, cá nhân có liên quan đến việc cấp Giấy phép lần đầu, cấp đổi Giấy phép của quỹ tín dụng nhân dân, cấp bản sao Giấy phép từ sổ gốc."
177271,doituongapdung_quy_tin_dung_nhan_dan,AP_DUNG_CHO,gemini,1.0,1. Quỹ tín dụng nhân dân.
177271,coquan_ngan_hang_nha_nuoc_viet_nam,BAN_HANH_BOI,gemini,1.0,NGÂN HÀNG NHÀ NƯỚC VIỆT NAM
174218,nguoiky_doan_thai_son,KY_BOI,gemini,1.0,Đoàn Thái Sơn
174218,linhvuc_thanh_tra_giam_sat_ngan_hang,THUOC_LINH_VUC,gemini,1.0,"Theo đề nghị của Chánh Thanh tra, giám sát ngân hàng;"
174218,doituongapdung_to_chuc_ca_nhan_co_lien_quan_den_viec_to_chuc_lai_to_chuc_tin_dung,AP_DUNG_CHO,gemini,1.0,"2. Tổ chức, cá nhân có liên quan đến việc tổ chức lại tổ chức tín dụng."
174218,doituongapdung_to_chuc_tin_dung_phi_ngan_hang,AP_DUNG_CHO,gemini,1.0,b) Tổ chức tín dụng phi ngân hàng bao gồm công ty tài chính tổng hợp và công ty tài chính chuyên ngành.
174218,doituongapdung_ngan_hang_thuong_mai,AP_DUNG_CHO,gemini,1.0,a) Ngân hàng thương mại;
25692,doituongapdung_ngan_hang_nha_nuoc_viet_nam,AP_DUNG_CHO,gemini,1.0,Luật này quy định về tổ chức và hoạt động của Ngân hàng Nhà nước Việt Nam.
25692,doituongapdung_bo_co_quan_ngang_bo_uy_ban_nhan_dan_cac_cap,AP_DUNG_CHO,gemini,1.0,"Bộ, cơ quan ngang bộ, Uỷ ban nhân dân các cấp trong phạm vi nhiệm vụ, quyền hạn của mình phối hợp với Ngân hàng Nhà nước trong việc quản lý nhà nước về tiền tệ và ngân hàng."
25692,coquan_quoc_hoi,BAN_HANH_BOI,gemini,1.0,Quốc hội ban hành Luật Ngân hàng Nhà nước Việt Nam.
186482,nguoiky_doan_thai_son,KY_BOI,gemini,1.0,PHÓ THỐNG ĐỐC (Đã ký) Đoàn Thái Sơn
27257,doituongapdung_to_chuc_tin_dung,AP_DUNG_CHO,gemini,1.0,1. Tổ chức tín dụng;
27257,doituongapdung_chi_nhanh_ngan_hang_nuoc_ngoai,AP_DUNG_CHO,gemini,1.0,2. Chi nhánh ngân hàng nước ngoài;
26750,nguoiky_nguyen_phu_trong,KY_BOI,gemini,1.0,Nguyễn Phú Trọng
26750,doituongapdung_don_vi_duoc_kiem_toan,AP_DUNG_CHO,gemini,1.0,"Luật này áp dụng đối với kiểm toán viên, kiểm toán viên hành nghề, doanh nghiệp kiểm toán, chi nhánh doanh nghiệp kiểm toán nước ngoài tại Việt Nam, đơn vị được kiểm toán, tổ chức nghề nghiệp về kiểm toán và tổ chức, cá nhân khác có liên quan đến hoạt động kiểm toán độc lập."
26750,doituongapdung_to_chuc_ca_nhan_khac_co_lien_quan_den_hoat_dong_kiem_toan_doc_lap,AP_DUNG_CHO,gemini,1.0,"Luật này áp dụng đối với kiểm toán viên, kiểm toán viên hành nghề, doanh nghiệp kiểm toán, chi nhánh doanh nghiệp kiểm toán nước ngoài tại Việt Nam, đơn vị được kiểm toán, tổ chức nghề nghiệp về kiểm toán và tổ chức, cá nhân khác có liên quan đến hoạt động kiểm toán độc lập."
26750,doituongapdung_to_chuc_nghe_nghiep_ve_kiem_toan,AP_DUNG_CHO,gemini,1.0,"Luật này áp dụng đối với kiểm toán viên, kiểm toán viên hành nghề, doanh nghiệp kiểm toán, chi nhánh doanh nghiệp kiểm toán nước ngoài tại Việt Nam, đơn vị được kiểm toán, tổ chức nghề nghiệp về kiểm toán và tổ chức, cá nhân khác có liên quan đến hoạt động kiểm toán độc lập."
26750,doituongapdung_kiem_toan_vien_hanh_nghe,AP_DUNG_CHO,gemini,1.0,"Luật này áp dụng đối với kiểm toán viên, kiểm toán viên hành nghề, doanh nghiệp kiểm toán, chi nhánh doanh nghiệp kiểm toán nước ngoài tại Việt Nam, đơn vị được kiểm toán, tổ chức nghề nghiệp về kiểm toán và tổ chức, cá nhân khác có liên quan đến hoạt động kiểm toán độc lập."
26750,doituongapdung_kiem_toan_vien,AP_DUNG_CHO,gemini,1.0,"Luật này áp dụng đối với kiểm toán viên, kiểm toán viên hành nghề, doanh nghiệp kiểm toán, chi nhánh doanh nghiệp kiểm toán nước ngoài tại Việt Nam, đơn vị được kiểm toán, tổ chức nghề nghiệp về kiểm toán và tổ chức, cá nhân khác có liên quan đến hoạt động kiểm toán độc lập."
26750,doituongapdung_doanh_nghiep_kiem_toan,AP_DUNG_CHO,gemini,1.0,"Luật này áp dụng đối với kiểm toán viên, kiểm toán viên hành nghề, doanh nghiệp kiểm toán, chi nhánh doanh nghiệp kiểm toán nước ngoài tại Việt Nam, đơn vị được kiểm toán, tổ chức nghề nghiệp về kiểm toán và tổ chức, cá nhân khác có liên quan đến hoạt động kiểm toán độc lập."
26750,doituongapdung_chi_nhanh_doanh_nghiep_kiem_toan_nuoc_ngoai_tai_viet_nam,AP_DUNG_CHO,gemini,1.0,"Luật này áp dụng đối với kiểm toán viên, kiểm toán viên hành nghề, doanh nghiệp kiểm toán, chi nhánh doanh nghiệp kiểm toán nước ngoài tại Việt Nam, đơn vị được kiểm toán, tổ chức nghề nghiệp về kiểm toán và tổ chức, cá nhân khác có liên quan đến hoạt động kiểm toán độc lập."
26750,coquan_quoc_hoi,BAN_HANH_BOI,gemini,1.0,QUỐC HỘI
25692,nguoiky_nguyen_phu_trong,KY_BOI,gemini,1.0,Nguyễn Phú Trọng
f69936f0-6937-11f1-a48d-29bc6b0fd706,nguoiky_nguyen_duc_chi,KY_BOI,gemini,1.0,Nguyễn Đức Chi
f69936f0-6937-11f1-a48d-29bc6b0fd706,linhvuc_chung_khoan_va_thi_truong_chung_khoan,THUOC_LINH_VUC,gemini,1.0,Quy định xử phạt vi phạm hành chính trong lĩnh vực chứng khoán và thị trường chứng khoán
f69936f0-6937-11f1-a48d-29bc6b0fd706,doituongapdung_to_chuc_ca_nhan_nuoc_ngoai,AP_DUNG_CHO,gemini,1.0,"Tổ chức, cá nhân Việt Nam và tổ chức, cá nhân nước ngoài (sau đây gọi chung là Tổ chức, cá nhân) thực hiện hành vi vi phạm hành chính trong lĩnh vực chứng khoán và thị trường chứng khoán quy định tại Nghị định này."
f69936f0-6937-11f1-a48d-29bc6b0fd706,doituongapdung_to_chuc_ca_nhan_viet_nam,AP_DUNG_CHO,gemini,1.0,"Tổ chức, cá nhân Việt Nam và tổ chức, cá nhân nước ngoài (sau đây gọi chung là Tổ chức, cá nhân) thực hiện hành vi vi phạm hành chính trong lĩnh vực chứng khoán và thị trường chứng khoán quy định tại Nghị định này."
f69936f0-6937-11f1-a48d-29bc6b0fd706,doituongapdung_to_chuc_phat_hanh,AP_DUNG_CHO,gemini,1.0,c) Tổ chức phát hành;
f69936f0-6937-11f1-a48d-29bc6b0fd706,doituongapdung_to_chuc_niem_yet_to_chuc_dang_ky_giao_dich,AP_DUNG_CHO,gemini,1.0,"d) Tổ chức niêm yết, tổ chức đăng ký giao dịch; tổ chức tư vấn niêm yết, đăng ký giao dịch;"
f69936f0-6937-11f1-a48d-29bc6b0fd706,doituongapdung_to_chuc_kiem_toan_duoc_chap_thuan,AP_DUNG_CHO,gemini,1.0,đ) Tổ chức kiểm toán được chấp thuận;
f69936f0-6937-11f1-a48d-29bc6b0fd706,doituongapdung_so_giao_dich_chung_khoan_viet_nam_va_cong_ty_con,AP_DUNG_CHO,gemini,1.0,h) Sở giao dịch chứng khoán Việt Nam và công ty con; Tổng công ty lưu ký và bù trừ chứng khoán Việt Nam và công ty con;
f69936f0-6937-11f1-a48d-29bc6b0fd706,doituongapdung_ngan_hang_thuong_mai_chi_nhanh_ngan_hang_nuoc_ngoai_tai_viet_nam,AP_DUNG_CHO,gemini,1.0,"k) Ngân hàng thương mại, chi nhánh ngân hàng nước ngoài tại Việt Nam thực hiện hoạt động lưu ký, bù trừ, thanh toán giao dịch chứng khoán, ngân hàng giám sát;"
f69936f0-6937-11f1-a48d-29bc6b0fd706,doituongapdung_doanh_nghiep_nha_nuoc,AP_DUNG_CHO,gemini,1.0,"b) Doanh nghiệp nhà nước, công ty trách nhiệm hữu hạn một thành viên do doanh nghiệp nhà nước nắm giữ 100% vốn điều lệ, đơn vị sự nghiệp công lập cổ phần hóa dưới hình thức chào bán chứng khoán ra công chúng;"
f69936f0-6937-11f1-a48d-29bc6b0fd706,doituongapdung_cong_ty_dai_chung,AP_DUNG_CHO,gemini,1.0,a) Công ty đại chúng;
f69936f0-6937-11f1-a48d-29bc6b0fd706,doituongapdung_cong_ty_chung_khoan_cong_ty_quan_ly_quy_dau_tu_chung_khoan,AP_DUNG_CHO,gemini,1.0,"g) Công ty chứng khoán, công ty quản lý quỹ đầu tư chứng khoán, chi nhánh, văn phòng đại diện công ty chứng khoán, công ty quản lý quỹ nước ngoài tại Việt Nam, công ty đầu tư chứng khoán;"
f69936f0-6937-11f1-a48d-29bc6b0fd706,coquan_bo_tai_chinh,BAN_HANH_BOI,gemini,1.0,BỘ TÀI CHÍNH
95652,nguoiky_nguyen_tan_dung,KY_BOI,gemini,1.0,Nguyễn Tấn Dũng
95652,doituongapdung_to_chuc_kinh_te,AP_DUNG_CHO,gemini,1.0,Tổ chức kinh tế theo quy định tại Khoản 16 Điều 3 Luật Đầu tư
163441,112025,THAM_CHIEU,rule,1.0,"a) Đối với các doanh nghiệp bảo hiểm, doanh nghiệp tái bảo hiểm đã được cấp phép trước ngày 01 tháng 01 năm 2023: Trước ngày 01 tháng 01 năm 2028, vốn điều lệ, vốn chủ sở hữu không thấp hơn vốn pháp định quy định tại Điều 10 Nghị định số 73/2016/NĐ-CP; từ ngày 01 tháng 01 năm 2028, vốn điều lệ, vốn chủ sở hữu không thấp hơn vốn điều lệ tối thiểu theo quy định tại Điều 35 Nghị định này;"
38128,25692,THAM_CHIEU,rule,1.0,Căn cứ Luật Ngân hàng Nhà nước Việt Nam số 46/2010/QH12 ;
27257,coquan_ngan_hang_nha_nuoc_viet_nam,BAN_HANH_BOI,gemini,0.95,NGÂN HÀNG NHÀ NƯỚC VIỆT NAM
186482,coquan_ngan_hang_nha_nuoc_viet_nam,BAN_HANH_BOI,gemini,0.95,Thống đốc Ngân hàng Nhà nước Việt Nam ban hành Thông tư
186482,doituongapdung_to_chuc_tin_dung,AP_DUNG_CHO,gemini,0.95,"Thủ trưởng các đơn vị thuộc Ngân hàng Nhà nước Việt Nam, tổ chức tín dụng, chi nhánh ngân hàng nước ngoài, Công ty quản lý tài sản của các tổ chức tín dụng Việt Nam chịu trách nhiệm thực hiện Thông tư này."
186482,doituongapdung_thu_truong_cac_don_vi_thuoc_ngan_hang_nha_nuoc_viet_nam,AP_DUNG_CHO,gemini,0.95,"Thủ trưởng các đơn vị thuộc Ngân hàng Nhà nước Việt Nam, tổ chức tín dụng, chi nhánh ngân hàng nước ngoài, Công ty quản lý tài sản của các tổ chức tín dụng Việt Nam chịu trách nhiệm thực hiện Thông tư này."
186482,doituongapdung_cong_ty_quan_ly_tai_san_cua_cac_to_chuc_tin_dung_viet_nam,AP_DUNG_CHO,gemini,0.95,"Thủ trưởng các đơn vị thuộc Ngân hàng Nhà nước Việt Nam, tổ chức tín dụng, chi nhánh ngân hàng nước ngoài, Công ty quản lý tài sản của các tổ chức tín dụng Việt Nam chịu trách nhiệm thực hiện Thông tư này."
186482,doituongapdung_chi_nhanh_ngan_hang_nuoc_ngoai,AP_DUNG_CHO,gemini,0.95,"Thủ trưởng các đơn vị thuộc Ngân hàng Nhà nước Việt Nam, tổ chức tín dụng, chi nhánh ngân hàng nước ngoài, Công ty quản lý tài sản của các tổ chức tín dụng Việt Nam chịu trách nhiệm thực hiện Thông tư này."
186888,coquan_ngan_hang_nha_nuoc_viet_nam,BAN_HANH_BOI,gemini,0.95,NGÂN HÀNG NHÀ NƯỚC VIỆT NAM
186888,doituongapdung_to_chuc_tai_chinh_vi_mo,AP_DUNG_CHO,gemini,0.95,Tổ chức tài chính vi mô.
186888,doituongapdung_to_chuc_tin_dung_la_hop_tac_xa,AP_DUNG_CHO,gemini,0.95,"Tổ chức tín dụng là hợp tác xã bao gồm ngân hàng hợp tác xã, quỹ tín dụng nhân dân."
173460,doituongapdung_cong_ty_tai_chinh_chuyen_nganh,AP_DUNG_CHO,gemini,0.95,2. Công ty tài chính chuyên ngành.
173460,nguoiky_doan_thai_son,KY_BOI,gemini,0.95,Đoàn Thái Sơn
185630,coquan_ngan_hang_nha_nuoc_viet_nam,BAN_HANH_BOI,gemini,0.95,NGÂN HÀNG NHÀ NƯỚC VIỆT NAM
186888,nguoiky_doan_thai_son,KY_BOI,gemini,0.95,Đoàn Thái Sơn
186888,doituongapdung_to_chuc_ca_nhan_co_lien_quan_den_he_thong_kiem_soat_noi_bo_cua_to_chuc_tin_dung,AP_DUNG_CHO,gemini,0.95,"Tổ chức, cá nhân có liên quan đến hệ thống kiểm soát nội bộ của tổ chức tín dụng."
173460,doituongapdung_cong_ty_tai_chinh_tong_hop,AP_DUNG_CHO,gemini,0.95,1. Công ty tài chính tổng hợp.
6e689cd0-6f81-11f1-94d6-fd5d6d5ff793,coquan_ngan_hang_nha_nuoc_viet_nam,BAN_HANH_BOI,gemini,0.95,NGÂN HÀNG NHÀ NƯỚC VIỆT NAM
169221,doituongapdung_thu_truong_cac_don_vi_thuoc_ngan_hang_nha_nuoc_viet_nam,AP_DUNG_CHO,gemini,0.95,"Chánh Văn phòng, Cục trưởng Cục Quản lý dự trữ ngoại hối nhà nước và Thủ trưởng các đơn vị thuộc Ngân hàng Nhà nước Việt Nam chịu trách nhiệm tổ chức thực hiện Thông tư này."
169221,doituongapdung_cuc_quan_ly_du_tru_ngoai_hoi_nha_nuoc,AP_DUNG_CHO,gemini,0.95,Cục trưởng Cục Quản lý dự trữ ngoại hối nhà nước
169221,coquan_ngan_hang_nha_nuoc_viet_nam,BAN_HANH_BOI,gemini,0.95,NGÂN HÀNG NHÀ NƯỚC VIỆT NAM
173460,doituongapdung_cac_to_chuc_ca_nhan_co_lien_quan_den_viec_cap_giay_phep_lan_dau_cua_to_chuc_tin_dung_phi_ngan_hang,AP_DUNG_CHO,gemini,0.95,"3. Các tổ chức, cá nhân có liên quan đến việc cấp Giấy phép lần đầu của tổ chức tín dụng phi ngân hàng."
173460,coquan_ngan_hang_nha_nuoc_viet_nam,BAN_HANH_BOI,gemini,0.95,NGÂN HÀNG NHÀ NƯỚC VIỆT NAM
44209,coquan_ngan_hang_nha_nuoc_viet_nam,BAN_HANH_BOI,gemini,0.95,NGÂN HÀNG NHÀ NƯỚC VIỆT NAM
168859,coquan_ngan_hang_nha_nuoc_viet_nam,BAN_HANH_BOI,gemini,0.95,NGÂN HÀNG NHÀ NƯỚC VIỆT NAM
169221,doituongapdung_chanh_van_phong,AP_DUNG_CHO,gemini,0.95,"Chánh Văn phòng, Cục trưởng Cục Quản lý dự trữ ngoại hối nhà nước và Thủ trưởng các đơn vị thuộc Ngân hàng Nhà nước Việt Nam chịu trách nhiệm tổ chức thực hiện Thông tư này."
168220,coquan_ngan_hang_nha_nuoc_viet_nam,BAN_HANH_BOI,gemini,0.95,NGÂN HÀNG NHÀ NƯỚC VIỆT NAM
168859,linhvuc_thanh_tra_giam_sat_ngan_hang,THUOC_LINH_VUC,gemini,0.9,"Theo đề nghị của Chánh Thanh tra, giám sát ngân hàng;"
26750,linhvuc_kiem_toan_doc_lap,THUOC_LINH_VUC,gemini,0.9,Luật Kiểm toán độc lập
186482,linhvuc_quan_ly_giam_sat_ngan_hang,THUOC_LINH_VUC,gemini,0.9,"trong lĩnh vực quản lý, giám sát ngân hàng liên quan đến cắt giảm điều kiện kinh doanh, đơn giản hóa thủ tục hành chính"
25692,linhvuc_tien_te_va_ngan_hang,THUOC_LINH_VUC,gemini,0.9,Luật này quy định về tổ chức và hoạt động của Ngân hàng Nhà nước Việt Nam.
25692,doituongapdung_to_chuc_tin_dung,AP_DUNG_CHO,gemini,0.9,bảo đảm an toàn hoạt động ngân hàng và hệ thống các tổ chức tín dụng
44209,linhvuc_phat_hanh_va_kho_quy,THUOC_LINH_VUC,gemini,0.9,Theo đề nghị của Cục trưởng Cục Phát hành và Kho quỹ;
168220,linhvuc_thanh_tra_giam_sat_ngan_hang,THUOC_LINH_VUC,gemini,0.9,"Theo đề nghị của Chánh Thanh tra, giám sát ngân hàng;"
173460,linhvuc_thanh_tra_giam_sat_ngan_hang,THUOC_LINH_VUC,gemini,0.9,"Theo đề nghị của Chánh Thanh tra, giám sát ngân hàng;"
169221,linhvuc_quan_ly_ngoai_hoi,THUOC_LINH_VUC,gemini,0.9,hướng dẫn việc tổ chức thực hiện hoạt động quản lý dự trữ ngoại hối nhà nước
27257,linhvuc_ngan_hang,THUOC_LINH_VUC,gemini,0.9,"tổ chức tín dụng, chi nhánh ngân hàng nước ngoài"
38128,linhvuc_phat_hanh_va_kho_quy,THUOC_LINH_VUC,gemini,0.9,Theo đề nghị của Cục trưởng Cục Phát hành và Kho quỹ;
186888,linhvuc_cuc_an_toan_he_thong_cac_to_chuc_tin_dung,THUOC_LINH_VUC,gemini,0.9,Theo đề nghị của Cục trưởng Cục An toàn hệ thống các tổ chức tín dụng;
173695,linhvuc_thanh_tra_giam_sat_ngan_hang,THUOC_LINH_VUC,gemini,0.9,"Theo đề nghị của Chánh Thanh tra, giám sát ngân hàng;"
133858,linhvuc_kiem_toan_noi_bo,THUOC_LINH_VUC,gemini,0.9,"Nghị định này quy định về công tác kiểm toán nội bộ trong các cơ quan nhà nước, đơn vị sự nghiệp công lập và các doanh nghiệp."
117310,linhvuc_thanh_tra_giam_sat_ngan_hang,THUOC_LINH_VUC,gemini,0.9,"Theo đề nghị của Chánh Thanh tra, giám sát ngân hàng;"
150974,linhvuc_kiem_toan_noi_bo,THUOC_LINH_VUC,gemini,0.9,Ban hành chuẩn mực kiểm toán nội bộ Việt Nam và các nguyên tắc đạo đức nghề nghiệp kiểm toán nội bộ
95652,linhvuc_dau_tu,THUOC_LINH_VUC,gemini,0.8,Q uy định về đầu tư gián tiếp ra nước ngoài
185630,linhvuc_lao_dong_tien_luong_tien_cong,THUOC_LINH_VUC,gemini,0.8,"Thống đốc Ngân hàng Nhà nước Việt Nam ban hành Thông tư sửa đổi, bổ sung một số điều của một số Thông tư về quỹ tín dụng nhân dân."
30402,linhvuc_quan_ly_dich_vu_tai_chinh_va_cac_quy_tai_chinh,THUOC_LINH_VUC,gemini,0.8,"Hướng dẫn về đăng ký, quản lý và công khai danh sách kiểm toán viên hành nghề kiểm toán"
166170,linhvuc_tin_dung,THUOC_LINH_VUC,gemini,0.8,Luật Các tổ chức tín dụng số 32/2024/QH15
112025,linhvuc_tai_chinh,THUOC_LINH_VUC,gemini,0.8,Theo đề nghị của Bộ trưởng Bộ Tài chính;
